,category,grade,name,socialblade_rank,subscriber_rank,view_rank
0,Music, A++ ,T-Series,1,5,1
1,Howto, A++ ,5-Minute Crafts,3,8,43
2,Entertainment, A++ ,VN Children’s Music,5,24214500,3480
3,Education, A++ ,Cocomelon - Nursery Rhymes,7,28,20
4,People, A++ ,Like Nastya Vlog,9,186,219
5,Entertainment, A+ ,Salih Reis'in Dünyası,11,24408648,278
6,Music, A+ ,U2VEVO,13,9399,1622
7,Entertainment, A+ ,✿ Kids Diana Show,15,152,240
8,Film, A+ ,jorgeembon,17,25231,3893
9,Music, A+ ,netd müzik,18,206,4
10,Tech, A+ ,Google,20,612,652
11,Music, A+ ,Zee Music Company,23,32,29
12,People, A+ ,Boram Tube ToysReview [보람튜브…,25,587,831
13,People, A+ ,سيف SAIIF,27,4193,10305
14,Education, A+ ,Toys and Colors,29,592,324
15,Entertainment, A+ ,one31,31,193,75
16,News, A+ ,YouTube Spotlight,34,34,1017
17,Music, A+ ,El Reino Infantil,36,99,13
18,Music, A+ ,Sony Music India,38,62,88
19,Entertainment, A+ ,CKN Toys,40,311,76
20,Music, A+ ,SonyMusicIndiaVEVO,42,116,101
21,People, A+ ,BLACKPINK,44,126,291
22,Comedy, A+ ,All Of Vines,46,7755,7314
23,Howto, A+ ,HelloMaphie,50,1148,3386
24,Entertainment, A ,LES BOYS TV2,54,24174098,1318
25,Music, A ,1theK (원더케이),57,153,40
26,Music, A ,قناة طيور الجنة | toyoraljanahtv,59,305,70
27,, A ,KutKit Kids,61,24259724,13772
28,Entertainment, A ,Shemaroo,63,191,145
29,Music, A ,Maroon5VEVO,66,130,42
30,Music, A ,RSDivulga - Funk,68,38066,18585
31,Entertainment, A ,NIMAGAP TV,72,29370,19617
32,Entertainment, A ,z a m,75,27257,20172
33,Entertainment, A ,Indosiar,79,1234,510
34,Music, A ,La Granja de Zenón,81,273,167
35,Entertainment, A ,FilmKritikTV,83,62478,20935
36,Entertainment, A ,Family GamesTV,85,24429248,732
37,Education, A ,Pinkfong! Kids' Songs & Stories,87,179,119
38,Entertainment, A ,Webs & Tiaras - Toy Monster Compilations,90,558,118
39,Entertainment, A ,SuperToyzCollector,90,774,1730
40,News, A ,Aaj Tak,93,213,371
41,Howto, A ,Izabela Stress,99,1670,1768
42,, A ,Boong Family,101,17693,20433
43,Howto, A ,LY LY ToysReview,103,24250077,20140
44,Music, A ,Galinha Pintadinha,105,147,55
45,Music, A ,Bounce Patrol Kids,107,903,399
46,Entertainment, A ,ThaiCh8 : ช่อง 8,109,743,241
47,People, A ,mmoshaya,111,405,214
48,Entertainment, A ,CookieSwirlC,113,309,61
49,People, A ,ABC Kids TV,115,24445233,1680
50,Music, A ,Marshmello,117,45,269
51,Sports, A ,cricket.com.au,119,5004,4112
52,, A ,Mr. Tsismoso,122,58895,22744
53,Music, A ,Wave Music - Bhojpuri,125,519,255
54,Music, A ,EminemVEVO,127,36,36
55,Comedy, A ,FV FAMILY,130,7336,5073
56,Film, A ,OYUNCAKOYNUYORUM,132,1767,1070
57,, A ,SHN MOVIES,133,24436461,119493
58,Film, A ,Goldmines,135,563,1827
59,, A ,Funny TV show,138,26776,27194
60,Film, A ,shfa,140,2165,1835
61,Film, A ,Nick Jr.,142,1189,316
62,Music, A ,GMM GRAMMY OFFICIAL,144,154,26
63,Music, A ,Alan Walker,146,67,177
64,Music, A ,Worldwide Records Bhojpuri,149,568,359
65,Film, A ,Hasbro,151,2315,283
66,Entertainment, A ,LEGO,153,622,80
67,People, A ,ABP NEWS,155,463,522
68,Music, A ,ImagineDragonsVEVO,157,287,144
69,People, A ,Давай поиграем в игрушки,159,845,1002
70,Entertainment, A ,RCTI - LAYAR DRAMA INDONESIA,161,1758,439
71,Howto, A ,BRIGHT SIDE,164,57,296
72,Entertainment, A ,ARY Digital,166,929,559
73,Shows, A ,Vijay Television,171,531,237
74,, A ,Muskan jaan,173,24374504,26545
75,Entertainment, A ,LetsGoMartin - Nursery Rhymes,175,812,1092
76,Games, A ,Laz Oyun Oynay,177,25414,31814
77,Entertainment, A ,Mister Max,179,322,127
78,Education, A ,BabyBus - Kids TV - Songs & Stories,183,2124,741
79,, A ,Tekashi 6ix9ine,185,731,1659
80,Music, A ,ibighit,187,79,261
81,Music, A ,BeckyGVEVO,185,649,253
82,Entertainment, A ,Fischer's-フィッシャーズ-,191,915,142
83,People, A ,Maria Clara & JP,210,707,1045
84,Film, A ,HTV2-Vie Channel,369,1016,532
85,Games, A ,rezendeevil,197,58,106
86,People, A ,David Dobrik,199,323,342
87,Education, A ,Little Baby Bum - Nursery Rhymes & Kids Songs,202,107,12
88,News, A ,Raffy Tulfo in Action,206,3110,1727
89,Howto, A ,Ly LY FamilyShow,203,24343448,34373
90,Music, A ,Trap Nation,199,40,83
91,Entertainment, A ,La Rosa de Guadalupe,200,1135,890
92,Music, A ,LadyGagaVEVO,204,362,138
93,Music, A ,ChainsmokersVEVO,213,209,93
94,People, A ,Zalfa Aulia Channel,217,12576,10684
95,Music, A ,SebastianYatraVEVO,214,2400,508
96,Entertainment, A ,YoungBoy Never Broke Again,217,1405,692
97,Music, A ,Ajay Yuvraj,227,47626,17242
98,Music, A ,Atlantic Records,218,395,89
99,Games, A ,Hong Giang DIY Slime,222,1657,1899
100,Music, A ,White Hill Music,223,661,593
101,Games, A ,LazarBeam,224,561,988
102,Howto, A ,Troom Troom,229,303,407
103,Education, A ,El Reino a Jugar,231,840,562
104,Comedy, A ,JMMB Films,241,9398,5398
105,Entertainment, A ,Strawberry Jam Toys,234,1356,1270
106,Comedy, A ,東海オンエア,238,1466,418
107,People, A ,ALLinONE,253,73856,38914
108,Tech, D ,SearchMojo,13165247,11247342,10928529
109,People, A ,Sham Drama شام دراما,245,24274310,1386
110,Entertainment, A ,Lyrical Lemonade,248,619,746
111,People, A ,Pavel Igy,262,24189066,39183
112,Entertainment, A ,Flowers Comedy,250,2396,786
113,Entertainment, A ,Weird Stuff,249,6329,4660
114,Entertainment, A ,Like Nastya,240,274,419
115,, A ,DLS News,258,333,2168
116,Entertainment, A ,Kid Studio,266,1869,686
117,Entertainment, A ,Sun TV,299,1986,7943
118,Entertainment, A ,Pinoy Big Brother,267,7278,3314
119,Music, A ,Lil pump,269,185,633
120,Film, A ,BIGFUN,284,24186086,1445
121,Entertainment, A ,TRANS7 OFFICIAL,278,2173,1401
122,Music, A ,KhalidVEVO,281,3038,1118
123,Entertainment, A ,OLIE THE CUB,272,664,797
124,Entertainment, A ,Princess Bánh Bao,279,1496,1211
125,Howto, A ,Flipkart,293,24335710,2075
126,Music, A ,Mr. Gengar,277,4422,1412
127,Music, A ,Daddy Yankee,285,97,131
128,, A ,Crime Patrol Dehati,300,18500,14385
129,Education, A ,Prachin Rahasya,297,3252,5657
130,News, A ,The Lallantop,290,988,2308
131,, A ,CON HEO DAT TV,302,24360921,28830
132,News, A ,Inside Edition,296,967,132
133,, A ,Hola Niño,292,3029,4780
134,Music, A ,ShawnMendesVEVO,301,244,169
135,Music, A ,Coldplay,305,176,84
136,Comedy, A ,Jkk Entertainment,304,1435,2776
137,Music, A ,Ariana Grande`,303,27,4002
138,, A ,حِرف إبداعية في 5 دقائق,311,1167,1856
139,People, A ,BuzzFeedVideo,317,94,23
140,Entertainment, A ,Surya Citra Televisi (SCTV),483,2122,1011
141,Music, A ,JustinBieberVEVO,319,17,10
142,Entertainment, A ,RedeTV,321,628,267
143,Games, A ,Jelly,315,336,314
144,Travel, A ,Wheel & Dice,331,101759,43512
145,, A ,Primitive Technology KH,328,7457,6797
146,Entertainment, A ,HAR PAL GEO,335,2024,1504
147,Howto, A ,ToysPlay,331,5966,2846
148,Games, A ,Lachlan,337,361,655
149,Music, A ,TikTok,351,1085960,2336
150,News, A ,AMARIN TVHD,348,1317,387
151,Entertainment, A ,Bizim Hikaye,339,6297,2074
152,Entertainment, A ,Susi kids TV,341,5996,1745
153,Shows, A ,Sony PAL,344,1434,811
154,Entertainment, A ,Haryanvi Maina,349,551,385
155,Entertainment, A ,StarPlus,329,496,917
156,Games, A ,DanTDM,342,60,27
157,Games, A ,VanossGaming,356,41,57
158,Film, A ,Totoykids,354,225,151
159,Music, A ,CNCOVEVO,355,721,227
160,Music, A ,Bruno Mars,359,44,62
161,, A ,IDEAS EN 5 MINUTOS,361,672,1892
162,Music, A ,capoVEVO,365,137567,13975
163,Games, A ,Поззи,362,1116,737
164,Entertainment, A ,The Late Late Show with James Corden,370,105,194
165,Education, A ,infobells,372,1663,1569
166,Music, A ,CalvinHarrisVEVO,368,196,63
167,Music, A ,RomeoSantosVEVO,373,376,104
168,Games, A ,VEGETTA777,379,38,66
169,Film, A ,Peppa Pig - Official Channel,376,641,641
170,Entertainment, A ,DIEN QUAN Comedy / Hài,385,1573,524
171,, A ,Janta Films Pvt.Ltd.,398,34345,12151
172,Music, A ,HD Songs Bollywood,393,2081,8925
173,Film, A ,Riki MUSIC,388,5447,5958
174,Entertainment, A ,Reliance Entertainment,402,7537,3513
175,Film, A ,Jingle Toons,387,603,630
176,Music, A ,HalseyVEVO,396,2063,1421
177,Music, A ,TaylorSwiftVEVO,391,33,17
178,, A ,Alex 366,406,11550,5817
179,Entertainment, A ,Caso Cerrado,410,1094,534
180,Music, A ,Meek Mill,405,2448,1188
181,Entertainment, A ,Zee Tamil,411,1790,880
182,, A ,ABCkidTV Misa,403,4704,5793
183,Sports, A ,Toy For Kids [토이포키즈],408,8810,8561
184,Music, A ,KatyPerryVEVO,409,35,15
185,Entertainment, A ,MrSuicideSheep,422,283,248
186,Entertainment, A ,Guava Juice,416,202,198
187,Film, A ,Official Pink Panther,423,888,476
188,Music, A ,DEL Records,427,887,280
189,Music, A ,avex,428,1221,122
190,Music, A ,TheWeekndVEVO,425,256,108
191,Music, A ,Sonotek Haryanvi,433,611,529
192,, A ,Gjigandet e Vegjel,430,3199,4390
193,Entertainment, A ,Zee Marathi,429,1807,546
194,Games, A ,Vanimy,439,20446,42220
195,Entertainment, A ,Познаватель,436,410,474
196,, A ,Ninja Kidz TV,438,1890,1587
197,News, A ,Thairath,444,1066,455
198,Entertainment, A ,Gato Galactico,439,420,1100
199,Entertainment, A ,Love Warning !,449,28860,40940
200,Comedy, A ,Luisito Comunica,452,65,642
201,, A ,Çukur,457,2934,1042
202,Education, A ,Tareasplus,464,26572,37794
203,Music, A ,Chris Rinaldi,465,28354,53462
204,Entertainment, A ,KOCOWA TV,456,3747,2081
205,Games, A ,jacksepticeye,454,59,54
206,Sports, A ,NFL,468,1290,569
207,, A ,Kiddiestv Hindi,461,2352,1997
208,, A ,FlareTV,473,13808,20271
209,People, A ,Kids Learning Songs,467,24198926,3844
210,Entertainment, A ,ToyTocToc,463,1107,1202
211,Games, A ,BCC Trolling,469,421,735
212,People, A ,Colgate - Brasil,477,158351,20652
213,Howto, A ,5-Minute Crafts KIDS,475,388,1035
214,Music, A ,EHPMusicChannel,487,17229,3359
215,People, A ,HIMAWARIちゃんねる,495,6047,895
216,Education, A ,Dave and Ava - Nursery Rhymes and Baby Songs,486,1058,454
217,, A ,Pac Pac TV,479,5912,6326
218,Entertainment, A ,MBC مصر,493,942,401
219,Comedy, A ,The Tonight Show Starring Jimmy Fallon,490,81,56
220,Music, A ,Wesley Safadão,485,416,292
221,Music, A ,Linkin Park,498,184,123
222,Entertainment, A ,Brancoala,502,1164,649
223,Music, A ,MalumaVEVO,503,141,50
224,Entertainment, A ,Happy Babies,505,24264908,51544
225,Entertainment, A ,James Charles,499,257,2178
226,Film, A ,Masha e o Urso,501,958,1016
227,Entertainment, A ,MEGA Oficial,515,1147,383
228,, A ,БЕРИ И ДЕЛАЙ,510,1718,3795
229,Comedy, A ,DANIEL EL TRAVIESO VIDEOS,513,1490,1633
230,Entertainment, A ,And TV,519,1694,492
231,Comedy, A ,ولاية بطيخ | Melon City Show,523,989,1210
232,People, A ,Shoof Drama | شوف دراما,526,3639,1757
233,Education, A ,Rainbow Kids,537,24193180,10124
234,Music, A ,Charlie Puth,527,165,180
235,Entertainment, A ,Me contro Te,534,2119,1022
236,Music, A ,Michael Bublé,531,4688,2245
237,Music, A ,toyorbabytv,530,695,274
238,, A ,Kudo Toys,555,24238306,25238
239,Music, A ,RCM Music Bhojpuri,543,1980,2102
240,Comedy, A ,Lele Pons,535,194,688
241,Entertainment, A ,RTVE,550,20395,4716
242,Music, A ,Chetak,556,3093,2203
243,, A ,Total ReFresh,567,49831,59973
244,Music, A ,Anne-Marie,551,1278,2340
245,, A ,Aqui Bebês Cantam,566,47511,46806
246,Comedy, A- ,Darwin,1039,58769,25288
247,People, A ,Daniel Boy,553,5814,4406
248,Music, A ,Wiz Khalifa,558,110,86
249,, A ,Nick Jr. Россия,554,7069,2786
250,Film, A ,Zig & Sharko,557,2602,1377
251,Entertainment, A ,Hành Tinh Đồ Chơi - Toy Planet,564,5531,3709
252,, A ,Teddy ToysReview,589,24384842,37169
253,Education, A ,Zic Zic,565,824,1198
254,Entertainment, A ,DisneyChannelLA,568,300,91
255,People, A ,Colgate - Mexico,611,227876,18787
256,Entertainment, A ,Viki Show,563,1533,1407
257,Film, A ,prenses elif,577,2686,286
258,Music, A ,BeyoncéVEVO,575,166,73
259,Animals, A ,Maymo,576,2072,1303
260,, A ,Dessin Animé pour Enfants,574,2796,2649
261,Entertainment, A ,Sony AATH,580,3424,1473
262,Music, A ,Cordil Games,610,263447,63261
263,Entertainment, A ,Pop Diaries,607,19602,9731
264,Music, A ,Zee Music Classic,590,1854,1449
265,Music, A ,MK MUSIC,584,730,580
266,, A ,BabyBus - Canciones Infantiles & Cuentos,616,16275,16227
267,Music, A ,Alka Music,617,4917,20557
268,, A ,IMR Bhojpuriya,619,26441,24028
269,Film, A ,DreamWorksTV,588,1015,348
270,, A ,Zadruga Official,609,33437,3812
271,Entertainment, A ,RSVP Movies,625,45600,23314
272,Tech, A ,Google India,595,4333,1039
273,Comedy, A ,DSS Production,631,3907,10712
274,Entertainment, A ,Red Chillies Entertainment,605,1287,1186
275,Entertainment, A ,Gamza Selih,650,24216191,47381
276,Entertainment, A ,YimYam TV,622,6110,1729
277,Music, A ,Warner Music Italy,615,1696,379
278,, A ,SVM SCHOOL,627,24429001,16022
279,Howto, A ,Трум Трум,624,700,935
280,Education, A ,Christmas Songs and Carols - Love to Sing,621,21401,6450
281,People, A ,hollywoodclips22,634,19071,4751
282,Music, A ,ThaliaVEVO,630,3230,491
283,Music, A ,MBCkpop,623,846,264
284,Entertainment, A ,ViralVideo Italia,655,35339,9087
285,Entertainment, A ,HUM TV,633,1564,564
286,, A ,ETV Dhee,646,3597,2063
287,Entertainment, A ,Oyuncu Yusuf,640,11468,7957
288,People, A ,Horlicks India,667,43562,25306
289,People, A ,SlenderMan™,647,2700,1846
290,Music, A ,Dua Lipa,642,367,431
291,Music, A ,Chill Nation,641,618,814
292,Music, A ,AviciiOfficialVEVO,649,237,149
293,Games, A ,Fernanfloo,659,24,121
294,Games, A ,Julia MineGirl,652,1732,799
295,Music, A ,Jass Records,668,1658,1575
296,Entertainment, A ,AmiG Show,675,21541,4365
297,Film, A ,Turma da Mônica,660,354,103
298,Music, A ,Mor Music,670,2540,1355
299,Entertainment, A ,Dr. Phil,672,1686,462
300,Games, A ,Muselk,674,544,696
301,Entertainment, A ,Fisher-Price® Latino,714,41621,14921
302,Music, A ,Luan Santana,662,565,653
303,, A ,Peppa Pig En Español Capitulos Completos,679,1645,1807
304,Music, A ,Pina Records,673,415,204
305,Entertainment, A ,Zee Kannada,678,4144,1556
306,Film, A ,Joy_Boy Theories,707,64793,63522
307,Education, A ,베이비버스 -인기 동요・동화,692,13674,5037
308,, A ,الحب لا يفهم الكلام,689,6904,2773
309,, A ,Lisa Luke Nursery Rhymes,686,16930,19269
310,Autos, A ,Dekja,703,2250,1338
311,People, A ,AmusementForce,693,1595,575
312,, A ,Venus Bhojpuri,701,2709,3473
313,, A ,عائلة رياض,700,7051,2212
314,Music, A ,BEC-TERO MUSIC,719,7076,1832
315,Travel, A ,The Shiny Peanut,721,1232,2585
316,Games, A ,AzzyLand,697,723,1008
317,Music, A ,GRM Daily,706,5676,1216
318,Nonprofit, A ,TEDx Talks,718,123,453
319,Entertainment, A ,Brianna's Secret Club TH,720,2818,2200
320,, A ,Animal Family,705,755,2609
321,Entertainment, A ,Good Mythical Morning,725,143,199
322,Entertainment, A ,Super Polina Play,709,1055,2251
323,Music, A ,Thuy Nga,736,3704,934
324,Music, A ,Desi Music Factory,715,1057,2303
325,People, A ,Troom Troom Es,728,598,1290
326,, A ,PlayToys,691,26645,28166
327,, A ,Bi Bi TV,729,24323926,9154
328,, A ,ZEE5,738,10397,5386
329,Music, A ,Anitta,724,292,414
330,Howto, A ,Crafty Panda,684,3132,5797
331,Entertainment, A ,RCM Bhojpuri Hit,748,2277,2265
332,Entertainment, A ,Caracol Televisión,760,3296,2313
333,, A ,5 MINUTI CREATIVI,739,5786,8963
334,Comedy, A ,SQUEEZIE,713,220,161
335,Entertainment, A ,ArkivaShqip,746,2500,251
336,Comedy, A ,Mr Bean,741,272,266
337,Entertainment, A ,Baby Show TV,733,3206,4630
338,Music, A ,Nirahua Music World,749,2254,1192
339,, A ,5 DAKİKADA HALLET,743,4358,5422
340,Entertainment, A ,Cumicumi,753,2434,604
341,Tech, A ,Quantum Tech HD,762,5456,5990
342,Entertainment, A ,atv,761,1858,337
343,, A ,3ater Alsham عطر الشام,770,24394643,3171
344,Entertainment, A ,Yurizando,798,4049,18470
345,, A ,Phim HOT TK-L,769,5095,2592
346,, A ,MBC Little Big Stars نجوم صغار,782,25396,37570
347,Entertainment, A ,HikakinTV,790,623,174
348,News, A ,News Tak,781,2139,3088
349,, A ,Jaeguchi,783,8861,4014
350,Entertainment, A ,Nina Twin Kids,809,24196665,4337
351,Music, A ,Poll Production,789,3166,346
352,Music, A ,Wish 107.5,794,1318,1139
353,Entertainment, A ,FamousTubeKIDS,796,6979,5582
354,Games, A ,AuthenticGames,780,124,128
355,, A ,Hit Movie,794,68598,245926
356,Entertainment, A ,KN Channel,793,1183,600
357,Entertainment, A ,NightcoreZodiac,817,15670,14834
358,People, A ,Смотри как я (Watch Me),788,3455,3005
359,Film, A ,AD-WISE MEDIA ACTION MOVIEPLEX,778,3054,3342
360,, A ,SelectFlix,836,57567,80012
361,Music, A ,FitDance,795,372,470
362,People, A ,Cole&Sav,787,514,879
363,Entertainment, A ,Maya and Mary - Nursery Rhymes & Songs,807,8791,12141
364,Music, A ,Ceylin - H Official,812,2893,1545
365,Comedy, A ,Kaykai Salaider,835,474,1506
366,Comedy, A ,Morgz,806,610,2142
367,People, A ,Gemma ND,833,117570,77413
368,Animals, A ,Louie The Beagle,805,7412,5393
369,Education, A ,Sevimli Dostlar,811,2542,901
370,Film, A ,Camarroket,852,2561,3526
371,, A ,Cartoon Animals,820,11702,14244
372,People, A ,Hamtaro Gasa,825,6807,2193
373,Education, A ,AwesomeToySurprises,832,24204948,2909
374,People, A ,TeluguOne,834,1168,519
375,Entertainment, A ,AP International,844,2748,864
376,People, A ,Kan & Aki's…,845,3018,181
377,, A ,102 TUBE,815,24385434,7233
378,Film, A ,Söz Dizi,840,2971,1389
379,Education, A ,Toys Kids TV,838,1584,3504
380,Entertainment, A ,UTKU CEM,847,47305,77905
381,Entertainment, A ,Atta Halilintar,848,509,3699
382,, A ,DenLion TV,837,4354,3857
383,Entertainment, A ,Calon Sarjana,850,668,1398
384,Entertainment, A ,mallemalatv,847,3720,1717
385,Games, A ,MessYourself,843,970,1241
386,Film, A ,Cantece Gradinita .ro,842,5244,997
387,Travel, A ,Travel Thirsty,849,2618,2138
388,Film, A ,icanrockyourworld,858,1117,521
389,Entertainment, A ,Kids Club TV & Nursery Rhymes Songs,863,3888,8353
390,Film, A ,Toys and Fun,869,3724,1115
391,Education, A ,Panzay Crianza,883,96473,70507
392,People, A ,TV Ana Emilia,867,1822,2123
393,Music, A ,O Reino das Crianças,868,1947,815
394,Entertainment, A ,Play TOP,889,5311,13118
395,People, A ,SHOPEE Indonesia,892,45452,3476
396,Music, A ,acdcVEVO,872,2027,438
397,Games, A ,Ali-A,882,129,258
398,People, A ,Zara Cute,887,6562,1876
399,Music, A ,GunsNRosesVEVO,878,1025,294
400,Comedy, A ,JRE Clips,894,7198,3924
401,, A ,Banana Bee,885,3275,2714
402,Howto, A ,Vy Qwaint,881,2685,5521
403,Entertainment, A ,Neo-Saban Power Rangers,886,1453,272
404,Film, A ,Goldmines Housefull,893,1695,9982
405,, A ,Anupam Movie Songs,899,8194,4890
406,Entertainment, A ,Facts Verse,896,766,928
407,Games, A ,Sony Music South,929,24373191,18017
408,Music, A ,Tonmai Music & Studio,910,5277,2567
409,Shows, A ,EBS Kids,913,4474,483
410,Film, A ,Masha y el Oso,897,1239,968
411,Sports, A ,CliveNBAParody,904,12287,4011
412,Entertainment, A ,TinyLessonTime,909,4584,3814
413,News, A ,News18 India,922,2746,4684
414,Music, A ,WisinYYandelVEVO,875,2204,486
415,Film, A ,DisneyJuniorIT,898,5708,1960
416,Sports, A ,FutParódias,915,838,1388
417,Entertainment, A ,Луномосик,912,2846,2687
418,Music, A ,Natti Natasha,914,5657,7743
419,Film, A ,Мувики.рф — сцены из…,908,16129,7663
420,Film, A ,Ocean Media Entertainment,958,90325,85054
421,Entertainment, A ,Говорящий Том и Друзья,928,2455,2223
422,, A ,Chespirito y sus Amigos,936,8087,4061
423,Entertainment, A ,AdMe.ru - Сайт о творчестве,918,670,1573
424,Music, A ,Sing Music Channel,945,3581,2733
425,Entertainment, A ,Marianela González FanClub,965,25846,11577
426,Games, A ,DakPlay,927,4634,2148
427,, A ,KHƯƠNG DỪA CHANNEL,953,10691,5953
428,Entertainment, A ,Ricis Official,956,556,2322
429,Film, A ,Crime Files,938,3513,3776
430,Entertainment, A ,MY FINGER FAMILY RHYMES,963,18767,39624
431,, A ,"SLICK SLIME SAM - DIY, Comedy, Science for…",933,6664,4745
432,Education, A ,FunToysMedia,943,1070,715
433,Music, A ,CalumScottVEVO,951,7184,2423
434,Entertainment, A ,BollywoodKilla,934,12868,10114
435,Film, A ,Tiffany & Co.,972,132686,22397
436,Music, A ,Gold Coast Music,962,16445,7925
437,Entertainment, A ,Bely y Beto Oficial,966,5662,3606
438,People, A ,Filmi Jhankar,994,24313340,87539
439,Entertainment, A ,Happy Funny Kids Toys Pretend Play,971,24395505,764
440,, A ,CricketWicket,998,67754,75181
441,Comedy, A ,Na CorreRia,968,3387,2729
442,Entertainment, A ,Camila Loures,981,505,2283
443,Comedy, A ,Beşiktaş Kültür Merkezi (BKM),975,4767,758
444,, A- ,人間ちゃんねる,1009,150794,5647943
445,Music, A ,SamSmithWorldVEVO,982,608,242
446,Games, A ,WhenGamersFail ► Lyon,967,4344,1474
447,Music, A ,MundoBitaVEVO,974,9980,1274
448,News, A- ,b788888888,1014,638380,88355
449,Film, A ,Boram Tube [보람튜브],985,1959,3667
450,Music, A ,Lil Peep,989,1697,2352
451,, A- ,benny blanco,1025,41094,9468
452,Entertainment, A ,Yippee Toys,996,533,396
453,Entertainment, A ,Toy Genie Surprises - Learning Videos for…,990,822,315
454,Games, A- ,Baby Home TV,1027,24199409,3080
455,Music, A ,Trimurti,1000,2133,1599
456,, A- ,WOA LuKa Channel,1001,17348,14105
457,Film, A ,Goldmines Premiere,977,1425,13901
458,People, A- ,HiHo Kids,1011,4099,4743
459,Film, A- ,Dima Kids TV,1003,898,1408
460,Film, A- ,Лунтик,1004,1736,111
461,Entertainment, A ,Carter Sharer,995,2345,5081
462,Music, A- ,Cat Music,1010,913,183
463,News, A- ,ABS-CBN News,1024,954,311
464,Entertainment, A- ,ZENSE Entertainment,1023,2689,1419
465,Entertainment, A- ,TRT Çocuk,1015,4611,1493
466,People, A- ,Voot Kids,1022,10203,6395
467,Entertainment, A- ,REACT,1028,313,392
468,Film, A- ,عائلة عمر,1017,11011,3536
469,Autos, A- ,Ανδρέας Γεωργίου TV,1075,151524,66924
470,Film, A- ,Oddbods - Official Channel,1037,2228,753
471,Music, A- ,WhamVEVO,1031,21402,2765
472,People, A- ,Robby,1063,11131,26593
473,Film, A- ,Cleo & Cuquín - Familia Telerín,1042,1913,1213
474,People, A- ,That YouTub3 Family,1035,2854,1577
475,Music, A- ,Wave Music - Bhakti,1070,1558,1329
476,, A- ,Kia Motors India,1084,426201,24011
477,Entertainment, A- ,MY TOYS PINK,1041,3289,1725
478,Entertainment, A- ,浙江卫视音乐频道 ZJSTV Music Channel…,1052,11464,1557
479,Film, A- ,Popular Diginet Movies,1045,5274,10647
480,Film, A- ,Mundo Bita,1038,8076,2389
481,People, A- ,super Jhankar,1096,24405627,18321
482,Entertainment, A- ,Новий Канал,1047,3187,1249
483,Comedy, A- ,The Daily Show with Trevor Noah,1068,1371,1347
484,Entertainment, A- ,Vivo,1080,3106,3168
485,People, A- ,TinkiPinki,1104,190598,84489
486,Music, A- ,Rathore Cassettes,1074,2598,2335
487,, A- ,PinkyPopTOY,1078,9263,6561
488,Music, A- ,Shree Jee - Bhakti,1100,2253,4399
489,Comedy, A- ,Jonatan Santos,1108,6480,16521
490,Entertainment, A- ,Bhavani HD Movies,1082,4510,2482
491,Tech, A- ,Apple,1110,470,4770
492,Music, A- ,Gallina Pintadita,1083,658,195
493,Entertainment, A- ,MrAdriboy123,1118,284566,24244157
494,Entertainment, A- ,日テレ公式チャンネル,1126,56513,25663
495,Music, A- ,EllaMaiVEVO,1098,42653,4103
496,Entertainment, A- ,Entertainment Access,1081,6201,1831
497,People, A- ,Saas Bahu Aur Betiyaan,1109,3733,1920
498,Howto, A- ,NINJA HATTORI,1103,50168,44064
499,, A- ,CamilaCabelloVEVO,1101,835,408
500,, A- ,Kızım,1095,24511,13704
501,Games, A- ,Kwebbelkop,1094,363,341
502,, A- ,Dailyhunt,1140,338883,10024
503,Games, A- ,Ceeday,1117,979,3261
504,Animals, A- ,nature1upclose,1146,210801,24283477
505,Entertainment, A- ,BollywoodSongs24/7,1134,6532,3305
506,Entertainment, A- ,Ghiền Mì Gõ,1123,1816,777
507,Games, A- ,Sub,1124,3561,4698
508,Music, A- ,Guitar Record Official,1127,9593,4386
509,, A- ,Bouncing Baby TV,1141,1037,2863
510,, A- ,Lâm Vlog,1151,5668,5203
511,, A- ,La Rosa Hd,1131,2243,1256
512,Education, A- ,Grammarly,1054,88556,1218
513,People, A- ,Yeni Gelin,1137,7179,1146
514,Entertainment, A- ,Toy Art,1132,3688,12042
515,Entertainment, A- ,YEAH1TV,1154,2506,1066
516,, A- ,Candy Play TV Russian,1139,4452,4903
517,People, A- ,Daily Bumps,1135,1305,422
518,People, A- ,Ibu dan Balita Indonesia,1150,3613,2640
519,Music, A- ,OneRepublicVEVO,1144,763,265
520,Entertainment, A- ,Movie Talkies,1143,1335,531
521,Entertainment, A- ,Tic Tac Toy,1145,3525,1738
522,Music, A- ,DJ ALEX,1155,8024,5590
523,Music, A- ,Major Lazer,1153,233,133
524,Entertainment, A- ,湖南卫视芒果TV官方频道 China…,1157,2428,538
525,Education, A- ,أسرار لم تكن تعرفها,1167,2114,3902
526,, A- ,Purana Hindustan,1193,24320958,5492
527,Entertainment, A- ,SuperHeroKids,1168,3103,1275
528,Games, A- ,InquisitorMaster - My Gameplays are Kinda…,1170,1746,2165
529,Music, A- ,Gurjar Rasiya Official,1184,14097,16652
530,Music, A- ,Biper y sus Amigos,1171,2995,2605
531,Music, A- ,CarlosVivesVEVO,1164,1935,409
532,People, A- ,Tia Dani,1182,3800,4333
533,Music, A- ,Awakening Records,1181,707,502
534,People, A- ,AM3NlC,1178,211,370
535,Music, A- ,SBM Label,1169,6928,2083
536,Shows, A- ,КУКУТИКИ - Детские…,1177,5584,1190
537,Games, A- ,HikakinGames,1201,1421,334
538,Entertainment, A- ,TheDonato,1187,2150,7402
539,Entertainment, A- ,KBSKpop,1189,2246,1069
540,Games, A- ,شبكة العاب العرب | Arab Games…,1179,1601,3721
541,Film, A- ,WildBrain en Español,1191,4697,3432
542,Games, A- ,packattack04082,1195,2062,256
543,Music, A- ,JamesAVEVO,1205,2992,1343
544,Entertainment, A- ,AnAn ToysReview TV,1206,3638,1093
545,Entertainment, A- ,JORAN ASIK,1239,24197235,42351
546,, A- ,Junky Kids Tv - Learn Colors for Children,1203,1748,6872
547,Tech, A- ,Unbox Therapy,1180,179,581
548,Film, A- ,Omar & Hana - Lagu Kanak-Kanak Islam,1221,7086,3710
549,Music, A- ,COLORS,1217,3131,3727
550,Entertainment, A- ,SevenSuperGirls,1208,366,172
551,Tech, A- ,Made by Google,1261,19078,21361
552,Entertainment, A- ,Scopian01,1190,4549,1119
553,Games, A- ,GameGrumps,1227,1031,231
554,Entertainment, A- ,Haschak Sisters,1202,817,520
555,Entertainment, A- ,Wild 'N Out,1229,1941,1453
556,Music, A- ,Riya Films,1507,5366,3755
557,Education, A- ,The Infographics Show,1219,1551,3125
558,Music, A- ,GEazyMusicVEVO,1222,1427,583
559,Entertainment, A- ,SUNDRANI,1223,7157,2258
560,Music, A- ,Juice WRLD - Topic,1239,1080008,74745
561,Film, A- ,Mythology Max,1263,16388,25795
562,Film, A- ,Cromartie,1278,157713,95681
563,, A- ,BADEMIN,1280,54207,49789
564,, A- ,INCRÍVEL,1230,445,2221
565,Games, A- ,Senya ToysReview,1234,3916,3663
566,Entertainment, A- ,보겸 TV,1237,2458,1529
567,, A- ,Kadın,1259,13251,5254
568,People, A- ,Funny Vines,1232,1527,1539
569,Entertainment, A- ,ボンボンTV,1258,5570,736
570,Music, C+ ,Little Big Town,1707627,19537,550466
571,People, A- ,SaneuB,1231,5731,9202
572,Music, A- ,ascadamusik,1267,5120,2118
573,, A- ,DANCE TO DANCE digital teknik,1268,20132,17948
574,News, A- ,Breaking News India,1305,24199398,4099
575,Music, A- ,FUNK EXPLODE,1246,6038,8639
576,Education, A- ,TiempodeSol,1266,4429,2483
577,Music, A- ,Venus Regional,1272,1998,1804
578,Entertainment, A- ,TheTalko,1283,638,493
579,Music, A- ,iKON,1282,1290,2010
580,Music, A- ,Zee Music Bhojpuri,1290,7010,9820
581,Games, A- ,Mobile MOBA Việt,1285,1934,1442
582,Music, A- ,Black Beats,1262,9357,4115
583,Education, A- ,Daftar Populer,1291,1826,3904
584,Music, A- ,JuanGabrielVEVO,1284,2211,467
585,Entertainment, A- ,MasterChef Brasil,1304,3340,2001
586,Music, A- ,Red Hot Chili Peppers,1287,1426,415
587,Entertainment, A- ,Fizzy Toy Show,1297,3547,904
588,Entertainment, A- ,Mimi Lissa,1274,7569,8403
589,Education, A- ,寶寶巴士 - 兒歌童謠 - 卡通動畫 -…,1300,11341,4527
590,People, A- ,Lovely Kids Thailand,1296,2647,1461
591,Music, A- ,Aya Nakamura,1281,5251,4430
592,People, A- ,Hero Movies 2018,1309,2496,18472
593,, A- ,apple kids,1348,24434091,3851
594,Music, A- ,PrinceRoyceVEVO,1302,748,416
595,, A- ,MaKar & Nursery Rhymes Songs,1306,5410,5217
596,People, A- ,Rawan and Rayan,1313,1856,2681
597,, A- ,JK YADAV FILMS जे के यादव…,1277,24304793,2618
598,Music, A- ,AlfredoOlivasVEVO,1325,8196,14501
599,, A- ,Maha Cartoon Tv,1310,7485,8123
600,Comedy, A- ,Официальный канал КВН,1315,1403,428
601,Film, A- ,3Palavrinhas,1312,6300,1928
602,Entertainment, A- ,Telefe,1320,2914,740
603,, A- ,Sonotek Official,1323,1150,1313
604,Entertainment, A- ,Bublik Kids show,1337,24188776,10493
605,, A- ,Fun With Alicia,1332,7800,8594
606,, A- ,Enzo Rabelo,1303,9169,13757
607,Entertainment, A- ,Paulinho e Toquinho,1334,1243,616
608,Entertainment, A- ,Tiana,1335,1481,2539
609,Tech, A- ,Motorola US,1421,161671,56145
610,People, A- ,Deji,1355,343,353
611,Film, A- ,PhimTV,1373,24274137,34884
612,, A- ,이상한 세계,1375,24235388,29275
613,Music, A- ,Angle Music Official Channel,1351,4895,3308
614,Film, A- ,BaBYBo,1327,5463,6160
615,People, A- ,Gibby :),1333,440,1183
616,Entertainment, A- ,Color Man,1357,18826,14202
617,Music, A- ,Emiway Bantai,1343,4048,14466
618,Entertainment, A- ,Bollywood Bai,1270,8566,6335
619,Entertainment, A- ,Favorite Videos,1360,19888,1763
620,People, A- ,Katie Angel,1363,437,2198
621,People, A- ,FP do Trem Bala,1347,4869,7506
622,People, A- ,Odd Me Not,1383,35538,22809
623,News, A- ,86 & Custom Protection NET,1369,5168,2634
624,Entertainment, A- ,TellyMasala,1371,3597,1946
625,Music, A- ,Ferrugem Oficial,1342,3484,2931
626,, A- ,Sunny Live,1405,125179,111833
627,Music, A- ,DADJU,1353,3283,3262
628,Film, A- ,Great Indian Comedy,1362,6573,20027
629,Film, A- ,СИНИЙ ТРАКТОР - Детские…,1367,6392,1940
630,Entertainment, A- ,ЛитлБой Адам,1370,6973,5863
631,Comedy, A- ,SEPL VIDEO,1364,7960,5667
632,, A- ,Mom of Sam,1379,97328,90728
633,People, A- ,اليكي الحل,1384,9374,20512
634,Music, A- ,DJKhaledVEVO,1385,892,449
635,News, A- ,dmc,1394,3033,2522
636,Entertainment, A- ,NESCAFÉ India,1442,30462,16305
637,Film, A- ,DC Kids,1380,7123,1867
638,Music, A- ,Boyce Avenue,1400,216,236
639,Music, A- ,CarlosRiveraVEVO,1395,10696,2124
640,Education, A- ,스위트티비 SweetTV,1386,5417,3455
641,Entertainment, A- ,Equestria Girls Fans,1448,24161634,71490
642,Tech, A- ,Technical Guruji,1410,287,2105
643,Music, A- ,Chanda,1419,2407,2565
644,Film, A- ,Eğlence Zamanı,1399,6063,3967
645,Film, A- ,Bengali Fairy Tales,1408,6476,4870
646,Entertainment, A- ,Attessia TV,1407,6656,3574
647,Tech, A- ,YASH KE EXPERIMENTS,1443,6015,9135
648,, A- ,Vidol TV,1409,10584,4035
649,Film, A- ,뽀로로(Pororo),1434,2534,336
650,Music, A- ,Nhac DJ,1460,9649,9873
651,Entertainment, A- ,Top Dingen,1452,24419,15620
652,Music, A- ,Times Music,1424,2369,2112
653,Entertainment, A- ,리원세상RIWORLD,1446,9070,6339
654,Film, A- ,Dolly Films,1479,130866,116241
655,People, A- ,Master David,1432,6783,7577
656,People, A- ,ميلاد يوسف Milad youssef,1438,5626,1123
657,Film, A- ,Troll Punjabi,1456,2794,14564
658,, A- ,МАМА+,1445,9373,9648
659,Entertainment, A- ,tlc uk,1447,4150,1661
660,Music, A- ,Dj Alfonzin,1470,11855,2952
661,Games, A- ,Two Players One Console,1453,6524,2580
662,Film, A- ,NH Studioz,1449,5872,3993
663,, A- ,हिंदी - Genevieve's Playhouse,1591,37289,34345
664,Film, A- ,Alena Kids Toys,1466,546,5669
665,Games, A- ,Lyna,1462,1414,1103
666,Games, A- ,Oops Banana,1474,2122,1975
667,, A- ,Learn Colors For Kids,1467,10024,12295
668,, A- ,Andhika Gemintang,1499,4622,9333
669,Music, A- ,whitneyhoustonVEVO,1475,2678,612
670,, A- ,NoahsNoah,1496,5811,10532
671,People, A- ,naarkw نار,1469,3699,2831
672,Entertainment, A- ,Mammyたまご,1491,11107,2914
673,Film, A- ,Kids TV Baby,1484,2280,6272
674,Entertainment, A- ,VexTrex,1486,24174765,13782
675,, A- ,Ganga Bhakti,1522,3526,14308
676,Music, A- ,Zee Music Marathi,1482,3758,2286
677,People, A- ,Hoje é dia de Marias,1478,2581,4190
678,Entertainment, A- ,EL DEMENTE,1485,3168,9467
679,Music, A- ,Guitarzsk,1495,12771,8690
680,News, A- ,Noticieros Televisa,1518,12508,4638
681,Entertainment, A- ,Rajasthani Gorband Music,1494,5703,3269
682,People, A- ,Como dice el dicho,1493,3145,2260
683,Music, A- ,Phong,1550,197367,119882
684,, A- ,Shuya Zhao,1516,843156,7783
685,Music, A- ,Unique Vibes,1501,16133,7010
686,Film, A- ,WildBrain - Cartoons for Children,1487,7793,3948
687,Entertainment, A- ,Borami Kids Toys,1540,18155,13444
688,Entertainment, A- ,Toy Kids★トイキッズ,1531,11520,1817
689,Entertainment, A- ,AWESMR kids,1515,1045,350
690,Entertainment, A- ,Logan Paul Vlogs,1528,85,259
691,Music, A- ,FutureVEVO,1525,1108,460
692,People, A- ,Tinto Brass Фильм,1568,67293,102883
693,Film, A- ,Invento na Hora,1502,415,1485
694,Entertainment, A- ,Moriah Elizabeth,1504,4066,8107
695,Film, A- ,Jungle Beat - Munki and Trunk,1532,15176,10115
696,Tech, A- ,Primitive Life Style,1542,18387,15027
697,Music, A- ,Km Music,1519,8448,2935
698,Music, A- ,Gustavo Mioto,1508,2202,1849
699,Entertainment, A- ,Eagle Music Video Station,1538,2946,4293
700,, A- ,ArcadeG,1511,10984,14369
701,Animals, A- ,SMG TUBE,1586,75153,66965
702,Travel, A- ,INSIDER,1521,1801,976
703,Music, A- ,SonoraDinamitaVEVO,1539,27493,2098
704,Entertainment, A- ,DisneyChannelUK,1534,1693,356
705,People, A- ,OneDayAlex,1557,18243,11601
706,Film, A- ,SinemaGo,1569,17703,11871
707,, A- ,Nickelodeon Россия,1523,6705,6467
708,Entertainment, A- ,Ubox Animal Vietnam,1559,11588,13594
709,Education, A- ,שירים לילדים ופעוטות,1608,131051,106970
710,Entertainment, A- ,Shemaroo Bollywood Comedy,1544,2375,2420
711,Howto, A- ,Izabeloi,1546,5985,5636
712,Film, A- ,hasan 15m,1536,22820,16102
713,People, A- ,ExtraPolinesios,1561,240,778
714,Entertainment, A- ,Rans Entertainment,1585,2192,6219
715,Games, A- ,Belgas TV,1566,2645,11490
716,, A- ,Dolly's Stories KIDS,1574,5042,6208
717,Education, A- ,Fun Baby Show,1588,6587,11453
718,Music, A- ,SuperbLyrics,1581,6266,4318
719,, A- ,Ideas en 5 minutos NIÑOS,1565,5004,10928
720,Music, A- ,DeStrian,1630,24405688,99263
721,Entertainment, A- ,Vat19,1560,807,216
722,Music, A- ,SRK MUSIC,1584,3467,2365
723,Film, A- ,Baby TV كتاكيت بيبي,1590,6724,6130
724,Entertainment, A- ,Programa Pânico,1605,498,507
725,Music, A- ,Capital FM,1593,2406,1364
726,People, A- ,Vosso Canal,1603,1550,4027
727,Entertainment, A- ,BakLol Video,1604,1992,5084
728,Film, A- ,Cartoon Studio,1594,2817,3106
729,, A- ,The Q,1587,765,1044
730,Autos, A- ,TOYOTA GAZOO Racing,1633,141772,27480
731,Music, A- ,LP,1611,6055,2711
732,, A- ,Thibaan Channel,1628,3887,1959
733,Games, A- ,ぺいんとチャンネルゥ,1632,9358,4361
734,Film, A- ,Bananakids by Totoykids,1620,4007,1957
735,People, A- ,Arif muhammad,1658,5124,16346
736,Entertainment, A- ,Santa Songs,1612,24409978,917
737,Entertainment, A- ,Azteca Novelas,1635,2262,738
738,, A- ,NCT Vlogs,1629,13989,11110
739,, A- ,UP Tak,1660,12564,22140
740,People, A- ,Jana Tube,1618,8553,7880
741,Film, A- ,Мульт,1614,6508,1887
742,Games, A- ,FaZe Rug,1643,285,753
743,Games, A- ,TazerCraft,1627,286,330
744,Music, A- ,IMPERIA,1601,9860,1591
745,, A- ,BabieToys CAF Network,1637,7035,9442
746,Music, A- ,New Michael Jackson,1639,19752,16658
747,Entertainment, A- ,Las 2 Muñecas,1657,5624,3225
748,, A- ,Hakai,1688,8691,4404
749,Music, A- ,NachoVEVO,1654,1644,1108
750,, A- ,VieShows,1664,11716,5343
751,, A- ,BINBIN,1678,24319965,8289
752,Entertainment, A- ,welovekamikaze,1661,679,389
753,Music, A- ,T-Series Telugu,1670,3842,1564
754,, A- ,TWO SUPER SISTERS,1663,4385,3694
755,Music, A- ,MauyRickyVEVO,1634,20985,7440
756,Entertainment, A- ,Eagle Home Entertainments,1609,1885,1637
757,, A- ,SPN9NEWS सामाजिक आईना,1677,6835,8769
758,, A- ,SheckWesVEVO,1999,309696,23512
759,Music, A- ,Mightyraccoon!,1667,11405,16101
760,Entertainment, A- ,БАРДАК ТУТ,1729,14014,63805
761,Entertainment, A- ,The World Adventures हिन्दी,1692,529,1935
762,, A- ,Tayo Bahasa Indonesia,1756,66722,79022
763,Music, A- ,twenty one pilots,1687,489,1134
764,Entertainment, A- ,Sihirli Annem Bir'iz,1675,58425,18902
765,Entertainment, A- ,Enterr10 Music Bhojpuri,1690,5222,3779
766,Education, A- ,Bamboo Art,1741,52640,129162
767,Film, A- ,iVideos,1684,6627,2135
768,Howto, A- ,BRICO SYMPA,1666,10329,13178
769,Music, A- ,FatherVEVO,1743,483807,119738
770,Entertainment, A- ,TikTak Draw,1685,1125,3084
771,Education, A- ,Super Kids TV,1699,1846,949
772,Entertainment, A- ,GEN HALILINTAR,1717,1096,2200
773,Music, A- ,Banglar Rs Music,1706,9759,5523
774,Entertainment, A- ,Matheus Yurley,1724,464,5500
775,Film, A- ,Fancy Frog,1702,6836,5912
776,, A- ,Chand Ali,1755,24319752,15765994
777,Entertainment, A- ,America's Got Talent,1698,380,713
778,Film, A- ,Monde des Titounis,1686,2677,594
779,People, A- ,Las Aventuras de Dani y Evan,1703,13777,7046
780,Education, A- ,Candy Play TV,1715,2409,1836
781,Film, A- ,Tayo the Little Bus,1719,1744,376
782,Film, A- ,BestOfTontoDikeh,1737,3760,3527
783,, A- ,The Silent Love,1726,14885,19783
784,Entertainment, A- ,Chiquititas SBT,1705,1677,897
785,Entertainment, A- ,팬케이Pan K The Pancake Artist,1668,26740,44024
786,Film, A- ,Wow Kidz Action,1718,5593,4749
787,Entertainment, A- ,truTV,1762,4658,767
788,Music, A- ,KARAOKE TIẾN TÀI,1773,24237764,4203
789,Film, A- ,Kara Sevda,1730,4636,1168
790,People, A- ,NESCAFÉ Dolce Gusto Thailand,1780,484339,65939
791,News, A- ,Канал Украина,1739,5589,1379
792,Entertainment, A- ,꼬꼬스토이 CoCosToy,1711,15174,6307
793,, A- ,Hmoob Xov Tshoj,1774,55057,43047
794,Music, A- ,BritneySpearsVEVO,1727,936,225
795,, A- ,Awadhesh Premi Official,1756,6218,6567
796,Music, A- ,КАZКА,1781,24773,11786
797,People, A- ,Dobre Brothers,1701,946,2633
798,Entertainment, A- ,Lama Faché,1738,1194,1947
799,Music, A- ,Sanjivani Bhojpuri,1744,3670,3322
800,Games, A- ,Denis,1707,659,586
801,Comedy, A- ,Un gars une fille | Officiel,1793,23187,5495
802,Entertainment, A- ,Nestle Thailand,1818,137056,10900
803,, A- ,Phương Phương channel,1854,24167520,15936
804,Film, A- ,Disney UK,1758,1642,459
805,Comedy, A- ,Team Edge,1749,938,1095
806,, A- ,Phim Siêu Nhân Nhật Bản,1789,6551,1926
807,Music, A- ,Bryant Myers,1760,1695,2660
808,Music, A- ,Illslick thelegandary,1782,2379,1239
809,Entertainment, A- ,Bollywood Babes,1787,4702,1483
810,Entertainment, A- ,Nicki Swift,1805,5031,1774
811,Education, A- ,YtCrash,1798,1480,1403
812,Entertainment, A- ,The Inner Studio,1801,2398,2617
813,Entertainment, A- ,★ Kids Roma Show,1784,778,1219
814,Film, A- ,Фильмы и Сериалы Студии…,1768,8120,1252
815,People, A- ,Fizzy Fun Toys,1795,3598,1148
816,Games, A- ,Red Arcade,1786,2247,2504
817,Film, D- ,emmachamberlain,22051296,23986376,19192725
818,Sports, A- ,Cracks,1776,1532,1525
819,Music, A- ,Everest Marathi,1814,14216,7716
820,, A- ,RubyandBonnie,1753,19852,17999
821,Music, A- ,Elmircom,1815,22168,13275
822,, A- ,1 Million Creation,1796,11540,24493
823,People, A- ,MLP Pony HD,1864,24360312,15980
824,Film, A- ,La Brujita Tatty - dibujos animados,1817,4001,3517
825,, A- ,8D TUNES,1808,1160,11229
826,, A- ,ladyTV Online,1855,18184,23780
827,Travel, A- ,Scn sujla,1835,25413,33788
828,Music, A- ,MelendiOficialVEVO,1802,10506,2824
829,People, A- ,沈采蓉,1877,25721,17198
830,Film, A- ,České animované detské pohádky pro děti…,1876,12022,10884
831,People, A- ,Touhid,1880,24181986,108853
832,Education, A- ,BabyBus - 子供の歌 - 子どもの動画,1834,14986,5475
833,Entertainment, A- ,TVBUSAofficial,1821,27121,4022
834,Animals, A- ,Dusama Rhymes TV,1731,24445501,46079
835,Music, A- ,Fresh Media Records,1828,2773,2631
836,Music, A- ,TPM - Top Persian Music,1867,33090,9339
837,Games, A- ,KingCodShots,1891,78926,136517
838,Music, A- ,Ram Audio,1839,6479,4115
839,People, A- ,عصابة بدر Badr_Family,1813,4552,6000
840,Comedy, A- ,TGFbro,1829,1189,2484
841,Education, A- ,The King of Random,1860,291,754
842,Film, A- ,Larva TUBA,1852,1367,802
843,, A- ,科幻梦工场,1958,38793,19997
844,Film, A- ,Toy Caboodle,1865,10857,7636
845,, A- ,Maha Cartoon TV XD,1844,6257,7764
846,Games, A- ,DeGoBooM,1825,1309,1679
847,People, B+ ,Interatividade De Pessoas,2164,99553,51812
848,Education, A- ,Toy Jelly,1859,2731,2117
849,Games, A- ,PORKMODZ,1849,10660,5936
850,Entertainment, A- ,Ching's Secret,1922,54394,35282
851,Film, A- ,WatchMojo Español,1881,941,1979
852,Entertainment, A- ,MasDivertidoTV,1881,13222,7902
853,Music, A- ,PitbullVEVO,1851,326,98
854,Comedy, A- ,ashish chanchlani vines,1862,381,2670
855,Film, A- ,CinemaSins,1845,455,573
856,, A- ,Shining Videos,1916,24328972,27824
857,Entertainment, A- ,Amelka Karamelka,1846,9785,3863
858,Entertainment, A- ,TOYSBR Parque dos Brinquedos Surpresa Brasil,1883,1629,874
859,People, A- ,Whatsapp Videos,1943,24268297,140364
860,, A- ,أسميتها فريحة - Asmeituha Fariha,1945,29542,15839
861,Music, A- ,XXXTENTACION - Topic,1949,90485,6765
862,People, A- ,Nathalya Mendes,1905,24200,6417
863,Music, B+ ,Khatulistiwa Record,2047,24182991,10144
864,Music, A- ,TopNotch,1871,6601,816
865,Entertainment, A- ,SOUND Effects Public Domain,1956,521059,139502
866,Music, A- ,ShowBusiness,1909,14593,5772
867,, A- ,LAC TV,1889,6813,7147
868,News, A- ,ANTV - Truyền hình Công an Nhân dân,1902,4735,1396
869,Film, A- ,Chim Xinh Channel,1888,7083,4550
870,People, A- ,FAM JAM,1896,2727,4117
871,, A- ,Kaycee & Rachel,1968,23972,20923
872,Music, A- ,BIHARIWOOD - बिहारीवुड,1920,4422,2702
873,Entertainment, A- ,Lewane TV,1972,19641,80831
874,, A- ,Ksysha Kids TV,1853,24363384,7362
875,Travel, A- ,Mark Wiens,1932,1933,3630
876,Entertainment, A- ,So Effin Cray,1924,1823,4456
877,Games, A- ,Clash Royale,1974,783,3100
878,Entertainment, A- ,AIS,1934,30452,3642
879,, A- ,Min Min TV Minh Khoa,1939,125422,80998
880,, A- ,سوبر سمعة,1874,12588,8122
881,, A- ,toptenfamous,1931,10465,5149
882,, A- ,ABC KIDS TV,1994,24294973,8244
883,, A- ,Backhoe Toy 빽호토이,1948,15330,9908
884,News, A- ,關鍵時刻,1936,7185,1630
885,Film, A- ,Prens Yankı,1944,11234,3982
886,, B+ ,Bridgestone India,2005,1037323,85220
887,Education, A- ,My Superhero Rhymes,1954,3141,3743
888,Music, A- ,NFVEVO,1946,5225,2294
889,, A- ,Panda - Pubg Mobile,1952,40996,69752
890,, B+ ,3T Nerf War,2014,24219607,10672
891,People, A- ,Dimas Gepenk,1989,16637,66400
892,Music, A- ,MattyBRaps,1940,269,191
893,, A- ,AP24x7,1996,26067,14225
894,Entertainment, A- ,Khandesh Fun,1908,2426,4451
895,, A- ,Wow Cartoons,1967,13339,8850
896,People, A- ,My little Nastya,1938,6331,4299
897,Games, A- ,Demaster,1971,2821,5252
898,, A- ,Follow Me,1901,4053,4529
899,, A- ,Heroine Movies 2018,1961,4072,13077
900,, A- ,The Studio Space,1970,23839,11610
901,, A- ,Garena Liên Quân Mobile,1914,2769,4925
902,Film, B+ ,Песни Для Детей .tv,2018,7802,2898
903,Music, A- ,G Series (Music),1991,4075,5320
904,, A- ,Cennet Kuşlarım TV,1959,13174,13255
905,, A- ,Maşa İle Koca Ayı,1953,10901,8467
906,Entertainment, A- ,Nickelodeon India,1992,7873,3976
907,Entertainment, B+ ,Primitive My village,2026,17867,20315
908,Film, A- ,Filmistaan,1993,4097,3467
909,People, B+ ,Vj Jk,2002,138321,144096
910,Music, A- ,FrenchMontanaVEVO,1997,3076,1071
911,Entertainment, B+ ,SuperLuigiLogan,2024,2429,4419
912,, A- ,YOYO DODI,1983,11988,6779
913,Music, A- ,7 Minutoz,1982,895,2273
914,, A- ,ماشا و الدب,1985,5959,5467
915,Games, B+ ,theRadBrad,2009,345,302
916,Entertainment, B+ ,TVCHOSUN,2010,15107,1615
917,People, B+ ,LOVE GAME,2074,24242264,15666
918,Games, B+ ,兄者弟者,2006,3170,723
919,News, B+ ,Oneindia Hindi | वनइंडिया…,2002,2812,2453
920,Entertainment, B+ ,Canal 13,2013,5889,2197
921,News, A- ,TVBS NEWS,1975,14400,1523
922,, A- ,Ayşe Yıldızın Dünyası,1984,41998,25673
923,, B+ ,Fakta Populer,2034,5376,10620
924,Entertainment, B+ ,"Fran, Bel e Nina Kids",2020,2588,4733
925,Education, B+ ,BestTop PS4 Game Alltime,2094,24445164,145253
926,Education, B+ ,Toy Factory,2023,9561,4446
927,Games, A- ,SpJockey,1965,10453,3316
928,Entertainment, B+ ,ToysYJuguetesTV,2032,1042,1050
929,Howto, B+ ,Bon Appétit,2053,2324,5208
930,Entertainment, B+ ,Earth,2037,1832,6257
931,Entertainment, B+ ,Super Kids,2028,2490,3439
932,People, B+ ,Alex Boyko,2004,1323,1811
933,Entertainment, B+ ,Movistar Chile,2184,166771,16683
934,, B+ ,Homemade Upachar,2087,24447460,28868
935,, B+ ,Kids Toy tv,2112,24200475,134308
936,Film, B+ ,AnimaCars,2114,237689,146463
937,Music, B+ ,飄然出塵,2116,675297,146299
938,, B+ ,Royal Rajasthan,2117,45794,50299
939,Comedy, B+ ,東海オンエアの控え室,2045,4309,2128
940,Entertainment, B+ ,Matt Stonie,2062,640,1532
941,Film, B+ ,CanalKids - Tatá e Henrique,2260,1479,1585
942,Entertainment, B+ ,SVF,2040,3098,1712
943,Music, B+ ,justintimberlakeVEVO,2056,637,320
944,People, B+ ,Viih Tube,2100,565,4611
945,Entertainment, B+ ,RK Duggal Studios,2036,2790,3174
946,Nonprofit, B+ ,Jubilee,2084,3768,9230
947,People, B+ ,Knowledge Tv हिन्दी,2075,3817,9360
948,Music, B+ ,lesliegraceVEVO,2051,21106,4140
949,People, B+ ,J House Vlogs,2046,5657,1359
950,Howto, B+ ,We support you,2118,8294,5423
951,, B+ ,NRS RAJASTHANI MUSIC,2092,12311,8648
952,Film, B+ ,Natkhat TV Hindi Tales & Rhymes for Kids.,2078,6638,4610
953,Music, B+ ,DreadMarIVEVO,2072,10957,2922
954,, B+ ,Freememeskids,2073,8132,11936
955,Entertainment, B+ ,Deddy Corbuzier,2083,2557,8732
956,Entertainment, B+ ,MBC THE VOICE KIDS,2082,1071,423
957,People, B+ ,An Ninh Thế Giới,2119,9084,2861
958,Entertainment, B+ ,SBS Entertainment,2088,4058,1073
959,, B+ ,Tom and Jerry توم و جيري حلقات…,2159,148359,44794
960,Entertainment, B+ ,TV-People,2086,4934,963
961,Games, B+ ,Скорти,2079,3851,3064
962,Entertainment, B+ ,Alhayah Series TV,2085,2989,1410
963,Games, B+ ,TBNRFrags,2065,1812,3701
964,Music, B+ ,KaneBrownVEVO,2103,14435,2827
965,, B+ ,Tin Siêu Còi,2091,12341,3067
966,Tech, B+ ,Indeed,2096,24348966,14288
967,Entertainment, B+ ,Coisa de Nerd,2108,389,644
968,, B+ ,MM Playlist,2169,67478,37993
969,Comedy, B+ ,CILIO,2109,2654,7054
970,Games, B+ ,GamerGirl,2095,2669,2241
971,Entertainment, B+ ,Nickelodeon UK,2101,5822,1854
972,Tech, B+ ,Waze,2238,106335,22895
973,Entertainment, B+ ,Telly Tweets,2154,13848,8749
974,, B+ ,KARAMBIR FOUJI LIVE,2126,20146,16618
975,, B+ ,Pinky and Panda Toys TV,2133,13926,8013
976,Education, A- ,Cielo,1725,169725,24267
977,, B+ ,HooplaKidz Italiano,2160,9968,14572
978,People, B+ ,Damas Gratis Oficial,2102,14421,8158
979,, B+ ,Talkshow tvOne,2204,41620,33100
980,Entertainment, B+ ,フェルミ研究所,2145,19232,13026
981,, B+ ,Coloring And Puzzles With Tia,2154,16362,1748729
982,Entertainment, B+ ,Joey Ryan,2208,39692,18324
983,Film, B+ ,Kiralık Aşk,2139,7605,863
984,News, B+ ,HINDI LIONS,2218,24392399,18109
985,Sports, B+ ,MAXIMUM MMA,2190,28009,8930
986,Games, B+ ,ポッキー / PockySweets,2161,3324,791
987,Film, B+ ,优优独播剧场——YoYo Television…,2165,8049,2231
988,, B+ ,IR GAMES,2152,19058,16135
989,Music, B+ ,Macklemore LLC,2149,634,391
990,Music, B+ ,TheBeatlesVEVO,2158,6949,1966
991,Film, B+ ,ONE Media,2134,4512,848
992,Music, B+ ,AlejandroSanzVEVO,2206,9857,3066
993,Entertainment, B+ ,NTN Vlogs,2181,784,1830
994,Comedy, B+ ,CJ SO COOL,2125,714,1560
995,People, B+ ,Majid Hussain Tv,2131,16371,17371
996,Education, B+ ,Acne Treatment,2195,24376229,3397
997,Film, B+ ,Unutulmayan Diziler,2136,14331,2492
998,News, B+ ,The Young Turks,2174,1312,228
999,Entertainment, B+ ,Children's Colors,2183,5906,7068
1000,Games, B+ ,Garena RoV Thailand,2127,3680,5182
1001,Howto, B+ ,Wengie,2187,189,1441
1002,Entertainment, B+ ,Totally TV,2172,2314,2973
1003,Entertainment, B+ ,Stuberi,2222,13970,7963
1004,Music, B+ ,Lucas Lucco,2170,877,1273
1005,, B+ ,Aya Nakamura - Topic,2258,2042667,44715
1006,News, B+ ,GQ,2205,2393,2033
1007,People, B+ ,Daniel Gro,2191,2752,7707
1008,, B+ ,DC Kids Latino,2209,22279,12305
1009,Music, B+ ,DSA RECORD,2224,13302,6220
1010,, B+ ,nOone Channel,3262,14090,18568
1011,, B+ ,Brincando com o Rafael,3242,19931,23277
1012,, B+ ,SYMPA,3275,2811,5733
1013,Music, B+ ,Simon Christensen,3285,69040,19969
1014,Entertainment, B+ ,MovieTrailers Entertainment,3375,41890,17268
1015,Education, B+ ,Melliart,3288,1266,2942
1016,Games, B+ ,LispyLeaf,3348,12092,42164
1017,, B+ ,Business Dubai,3380,453271,26502
1018,, B+ ,Shin bút chì Fan VN Club,3433,10570,3498
1019,Entertainment, B+ ,TheThings,3284,1810,2417
1020,Music, B+ ,Alee mtz ceja,3307,20727,4776
1021,Howto, B+ ,HowToBasic,3294,205,793
1022,Entertainment, B+ ,People Are Awesome,3317,9232,6696
1023,Music, B+ ,BB MUSIC,3339,13419,8421
1024,People, B+ ,Fabelle Exquisite Chocolates,3400,584756,35972
1025,Music, B+ ,unknown boy varun,3296,14076,20883
1026,Howto, B+ ,제이제이 튜브 [JJ Tube],3366,13508,4214
1027,Tech, B+ ,WowShow,3316,3835,3343
1028,Music, B+ ,GaitherVEVO,3325,11263,2050
1029,Music, B+ ,Hichem Smati,3302,4282,4237
1030,Music, B+ ,Step Records,3299,2483,584
1031,Film, B+ ,THVL Phim,3293,5347,1111
1032,News, B+ ,BBC News Hindi,3303,8081,15979
1033,Comedy, B+ ,Ali Athab,3238,4583,15297
1034,Film, B+ ,Bollymania,3423,24459937,17460
1035,Film, B+ ,• Gerand •,3426,39061,25816
1036,Games, B+ ,KRK Studio,3429,24349428,3432
1037,News, B+ ,DesiFeed Video,3324,4159,2363
1038,Music, B+ ,LilWayneVEVO,3344,1001,614
1039,People, B+ ,Oum Walid,3305,1543,2270
1040,People, B+ ,Duracell,3446,109903,28375
1041,, B+ ,Wrestling Zone,3431,4320,4888
1042,Music, B+ ,Doğan Music Company,3351,19582,2603
1043,Entertainment, B+ ,TrendingPranks,3365,7113,3469
1044,, B+ ,Boong Candy - Nursery Rhymes,3455,24250118,187734
1045,Music, B+ ,Juice WRLD,3403,4518,5777
1046,Entertainment, B+ ,BollywoodHungama.com,3357,8839,5399
1047,Film, B+ ,Cuentos y Canciones Infantiles,3360,5327,3946
1048,Entertainment, B+ ,Yes Theory,3417,2044,7958
1049,Film, B+ ,RAJAWALI TELEVISI - LANGIT RTV,3395,11810,9567
1050,Music, B+ ,Cem Adrian,3385,15453,7887
1051,Entertainment, B+ ,My Mate Nate,3300,761,1643
1052,, B+ ,Kids Media,3765,16513,15039
1053,News, B+ ,TV5 News,3362,7777,2479
1054,Music, B+ ,Rels B // Flakk Daniel,3397,6181,4783
1055,Film, B+ ,Kinder Surprise Eggs Rustama,3368,16326,4371
1056,Music, B+ ,BrunoEMarroneVEVO,3345,12008,2204
1057,Film, B+ ,Big Animation,3376,8351,4574
1058,Music, B+ ,NellyVEVO,3384,2826,834
1059,News, B+ ,First India News Rajasthan,3409,20731,22932
1060,Autos, B+ ,AcademeG,3441,2058,3612
1061,Music, B+ ,EduardoCostaVEVO,3347,8198,2507
1062,Entertainment, B+ ,BreakMan,3391,1779,4497
1063,, B+ ,SK하이닉스,3492,90768,13662
1064,News, B+ ,MobileNews 24,3445,15200,15769
1065,, B+ ,LYRICS / LETRA,3472,44984,27109
1066,Entertainment, B+ ,Crazy Mr.Hacker,3401,23915,19666
1067,Games, B+ ,まいぜんシスターズ,3459,33563,20627
1068,Entertainment, B+ ,AGUGAI,3427,16644,6868
1069,, B+ ,Mini Anima,3402,25239,20274
1070,Music, B+ ,Peter PlutaX,3379,3974,2373
1071,Entertainment, B+ ,Fortnite Compilation,3515,24339651,17926
1072,Entertainment, B+ ,Dancing With The Stars,3481,13388,8067
1073,Comedy, B+ ,Rodrigo F Gamer Respeita,3465,8807,61586
1074,, B+ ,Hoạt Hình Cartoon,3522,24337878,21120
1075,People, B+ ,FastGo Vietnam,3374,1311933,70242
1076,Entertainment, B+ ,Luan Palomera,3352,809,2853
1077,Entertainment, B+ ,India Forums,3390,8791,5274
1078,Comedy, B+ ,Weekend Fail,3483,146146,92114
1079,, B+ ,Casi Bebes,3410,5089,4040
1080,News, B+ ,National Dastak,3454,3693,4910
1081,Music, B+ ,Honiro,3407,12893,4480
1082,, B+ ,Kids Entertainment,3867,7762,14238
1083,, B+ ,माशा एंड द बेयर,3547,29043,25292
1084,Sports, B+ ,IMPACT Wrestling,3462,4003,1207
1085,Music, B+ ,ICH FIND SCHLAGER TOLL!,3424,20339,3438
1086,, B+ ,Peppa Pig Oink Oink,3551,85658,73797
1087,, B+ ,مغامرات عائلة محمد,3549,45472,63967
1088,People, B+ ,ساري جاد GAD TV,3569,9151,21192
1089,, B+ ,Jiya's vlog,3486,49431,77437
1090,Music, B+ ,Tohaar Bhojpuri - तोहार…,3478,5492,4346
1091,Games, B+ ,PlayAndroidGames,3516,40539,25085
1092,Entertainment, B+ ,공대생 변승주,3488,4566,3554
1093,People, B+ ,TheMoshayaFamily,3422,11406,7959
1094,Games, B+ ,Furious Jumper,3398,3476,1610
1095,Howto, B+ ,TsMadaan,3464,665,3140
1096,Film, B+ ,Thai Fairy Tales,3475,7550,5780
1097,, B+ ,Black Eyes,3577,299537,212213
1098,Sports, B+ ,Unlimited TV,3583,26089,12714
1099,Games, B+ ,xxYjYxx,3509,6469,16236
1100,Entertainment, B+ ,iPantellas,3436,1432,1435
1101,, B+ ,Animals SIPI,3593,109034,128395
1102,Music, B+ ,Yeison Jimenez,3456,14319,4656
1103,People, B+ ,PowPow Channel,3669,55757,39345
1104,People, B+ ,Tarang Cine Productions,3502,10556,7002
1105,, B+ ,GreeicyVEVO,3460,12498,6083
1106,Education, B+ ,FUNTASTIC TV - Kids Songs and Nursery Rhymes,3503,4049,1399
1107,Games, B+ ,Twitch Moments,3484,16726,11294
1108,, B+ ,Rabbids Invasion,3601,144345,97103
1109,Entertainment, B+ ,Viral Track,3457,15023,12211
1110,Games, B+ ,Angry Birds,3471,2660,297
1111,Entertainment, B+ ,Princess Granny's World,3518,16010,4411
1112,Education, B+ ,Pueblo Teehee - Canciones Infantiles,3237,13273,8508
1113,Entertainment, B+ ,Awesome Animals,3609,46758,34326
1114,, B+ ,Pica-Pau em Português,3480,3439,4651
1115,Music, B+ ,AbbaVEVO,3476,9846,1232
1116,Howto, B+ ,5-MINUTEN TRICKS,3469,21348,24020
1117,Autos, B+ ,Toyota Motor Thailand,3534,90955,11047
1118,Education, B+ ,Baby Fun Learning,3443,4426,2961
1119,, B+ ,Shivani Ka Thumka,3514,14791,11354
1120,, B+ ,Kh Wilderness,3623,39753,31107
1121,Education, B+ ,Edu car toy school,3556,8054,3562
1122,Film, B+ ,きょんくま,3512,23639,12507
1123,Entertainment, B+ ,Х-Фактор,3517,10805,2300
1124,Tech, B+ ,Huawei Mobile Colombia,3629,98286,20411
1125,, B+ ,Jess No Limit,3559,1361,5986
1126,People, B+ ,玩乐三分钟,3550,19677,4514
1127,Entertainment, B+ ,Creative Traps,3535,34805,28613
1128,Music, B+ ,Best Moments EVER,3544,11261,4952
1129,Music, B+ ,ภูไทเร็คคอร์ด,3641,39847,25757
1130,Games, B+ ,St3pNy,3543,1716,1038
1131,Entertainment, B+ ,PTC PUNJABI,3542,4815,3205
1132,, B+ ,MasterChef Thailand,3595,6718,5481
1133,Music, B+ ,Chetak Haryanvi,3594,6787,6701
1134,, B+ ,Thơ Nguyễn,3541,11356,5418
1135,Games, B+ ,ErasedXoldo,3560,286006,74785
1136,Games, B+ ,MM7Games,3486,1784,1152
1137,Entertainment, B+ ,Filmy Sins,3589,3329,11527
1138,Entertainment, B+ ,Ellie Sparkles,3587,6323,2214
1139,Sports, B+ ,Entel Perú,3647,136749,24426
1140,, B+ ,Lil Baby Official 4PF,3580,8532,12215
1141,Film, B+ ,Monica Toy Official,3520,15798,6427
1142,Entertainment, B+ ,Chills,3539,2359,5653
1143,Comedy, B+ ,CanalCanalha,3442,100,1516
1144,Entertainment, B+ ,Mediaset España,3579,30604,14284
1145,Comedy, B+ ,Brian Sobrevilla,3603,2376,11415
1146,Comedy, B+ ,America's Funniest Home Videos,3574,7173,3545
1147,Music, B+ ,Epitaph Records,3598,3631,1098
1148,Film, B+ ,Disney Junior FR,3557,7633,1834
1149,People, B+ ,Mo Vlogs,3562,653,970
1150,, B+ ,Daily Culture,3684,47532,22675
1151,Music, B+ ,KendjiGiracVEVO,3527,4606,1580
1152,Entertainment, B+ ,Robin Schulz,3545,2756,882
1153,Games, B+ ,Annoying Orange Gaming,3584,4076,1386
1154,Sports, B+ ,442oons,3578,3515,1356
1155,Comedy, B+ ,Noor Stars,3405,351,1764
1156,Entertainment, B+ ,Mundo da Vivi,3567,1225,3504
1157,Sports, B+ ,SportsHD,3573,4584,4276
1158,Games, B+ ,Drewsmc,3632,9871,17956
1159,Entertainment, B+ ,Mari Maria,3582,777,6280
1160,Music, B+ ,Carolina Ross,3618,5425,4856
1161,, B+ ,Tospik Tv,3611,6629,5954
1162,Music, B+ ,1Kilo Oficial,3591,917,2005
1163,Entertainment, B+ ,Marodi TV Sénégal,3621,9483,5099
1164,People, B+ ,QueenTubeTH,3628,3043,4549
1165,Entertainment, B+ ,Yeah1 KARAOKE Nhạc Tuyệt Đỉnh,3725,111434,49628
1166,Games, B+ ,Erpan1140,3688,2999,4467
1167,Entertainment, B+ ,Ryan Upchurch,3649,8097,4559
1168,, B+ ,INDO MUSIC PLATINUM,3667,7027,9185
1169,Music, B+ ,Leandro Borges,3608,7128,10343
1170,News, B+ ,Official iNews,3642,22785,7404
1171,Education, B+ ,BLA BLA,3735,10345,96997
1172,, B+ ,Phim Khủng,3668,28414,19935
1173,, B+ ,Rehaan Records,3755,21643,24657
1174,Autos, B+ ,Moto Madness,3671,2457,3482
1175,Entertainment, B+ ,TVI,3616,7574,4093
1176,Music, B+ ,Crown Records,3660,3961,4192
1177,Education, B+ ,"Baby Joy Joy - Early Learning (Kids Songs,…",3673,11711,4718
1178,Entertainment, B+ ,CD CHOICE Drama,3650,6089,5640
1179,Entertainment, B+ ,Bhojpuri Tadka,3695,16044,12019
1180,Entertainment, B+ ,BiBaBo Nerf War,3363,24448939,3544
1181,, B+ ,Pagla DaDa,3766,24357782,141434
1182,People, B+ ,Nước Tăng lực Number 1,3768,198024,16823
1183,Games, B+ ,Quantum Games,3561,2342,2297
1184,Howto, B+ ,Ирина Иваницкая DIY,3711,6727,11267
1185,Entertainment, B+ ,Top Vines,3661,12901,9323
1186,Film, B+ ,Tanner Fox,3730,424,1027
1187,Entertainment, B+ ,Moviebuff Tamil,3605,13626,16326
1188,Howto, B+ ,Pantene Türkiye,3704,141398,56189
1189,Education, B+ ,iKnow Channel,3687,14238,7586
1190,Entertainment, B+ ,Primetime Action Movies,3538,10197,12659
1191,Music, B+ ,SBS Inkigayo,3718,3311,1498
1192,Entertainment, B+ ,Lorrayne Oliveira,3597,1215,5704
1193,Music, B+ ,Naiara Azevedo,3620,1170,1281
1194,Entertainment, B+ ,ARIJA - Kids Channel,3630,47646,44061
1195,, B+ ,Jordan Matter,3698,5000,12812
1196,Music, B+ ,Sanam,3683,964,2136
1197,Entertainment, B+ ,Spacetoon,3664,4131,2908
1198,Music, B+ ,Discos Fuentes Edimusica,3679,31510,10074
1199,Games, B+ ,JT Music,3648,2842,2003
1200,Entertainment, B+ ,All Status No1,3798,24152674,33452
1201,, B+ ,Claudi Top,3770,13392,9106
1202,Entertainment, B+ ,Disney Channel Israel,3631,28454,12359
1203,Music, B+ ,Saregama Music,3563,759,1021
1204,People, B+ ,Sma Al Fan Production International سما…,3726,20568,6894
1205,Film, B+ ,WildBrain 한국어,3941,109343,75957
1206,Autos, B+ ,Дима Гордей,3714,2278,6342
1207,Entertainment, B+ ,Klockworx VOD,3811,180390,43380
1208,Film, B+ ,Masha et Michka,3716,6220,3263
1209,People, B+ ,Bastideon,3719,29694,12526
1210,Entertainment, B+ ,Crazy 4 Bollywood,3672,5762,4005
1211,Film, B+ ,PPCandy,3737,24570,12547
1212,Music, B+ ,djkingofdisco,3883,37841,12819
1213,Music, B+ ,Monstercat: Uncaged,3740,574,694
1214,People, B+ ,Мисс Николь,3693,9727,6817
1215,Entertainment, B+ ,SunshineSprinkles,3731,10631,8293
1216,Music, B+ ,johnlegendVEVO,3739,1357,704
1217,Film, B+ ,G Series (Bangla Movies),3722,6870,4839
1218,Film, B+ ,briQle,3723,24895,13608
1219,, B+ ,Matru Ki Railgadi,3831,55633,43736
1220,Education, B+ ,Safal Ayurved,3733,13539,114816
1221,People, B+ ,Katie OnTheRoad,3749,1344,10729
1222,, B+ ,Toybox,3835,65537,72360
1223,Entertainment, B+ ,9 Media,3720,12101,5205
1224,Games, B+ ,DropNade,3677,22956,9504
1225,Entertainment, B+ ,stefibunny,3778,339418,224712
1226,Entertainment, B+ ,Cambodia Wilderness Channel,3721,6900,4434
1227,Entertainment, B+ ,My Talking TV,3845,24378169,117316
1228,Music, B+ ,21 Savage,3763,1284,1518
1229,Entertainment, B+ ,birdbt,3782,6974,3537
1230,People, B+ ,ABP ANANDA,3778,7768,6138
1231,, B+ ,heo peppa pig tiếng việt,3849,56177,31702
1232,Tech, B+ ,MrBhargab123,3847,7337,17656
1233,Entertainment, B+ ,Scoop,3754,6586,3006
1234,Music, B+ ,SimoneSimariaVEVO,3702,1512,1161
1235,Entertainment, B+ ,KBS 안테나,3783,22098,4874
1236,Music, B+ ,Dark Side,3756,15452,16406
1237,Entertainment, B+ ,JuguetesFelices,3786,1718,1671
1238,Sports, B+ ,Estadio Videos,3823,24779,34714
1239,People, B+ ,Sholawat Rosul,3877,24462477,168283
1240,People, B+ ,House Of Jhankar,3790,15039,10815
1241,Entertainment, B+ ,ZZ Kids TV,3771,11772,17472
1242,, B+ ,Acne Treatment Vlogs,3889,24412542,7672
1243,Entertainment, B+ ,BlastphamousHD TV2,3797,8833,15818
1244,, B+ ,Ufak Tefek Cinayetler,4062,25501,6430
1245,Music, B+ ,CyndiLauperVEVO,3979,10218,1576
1246,News, B+ ,My Cricket Knowledge,4106,27243,94617
1247,Film, B+ ,Rtv Drama,3995,5219,6823
1248,Film, B+ ,PeliculasXvid,4110,56477,48614
1249,, B+ ,KHO PHIM HAY,3946,21212,13429
1250,Music, B+ ,Saregama GenY,3991,5553,3635
1251,, B+ ,Bhajan Sangrah - भजन संग्रह,4370,64760,97627
1252,Entertainment, B+ ,SevenPerfectAngels,3983,1901,1233
1253,, B+ ,FunKids Surprise,4056,16973,13484
1254,, B+ ,NEWBESTMOTION,4120,55296,154818
1255,Music, B+ ,Jhankar Touch,4122,39629,32850
1256,Entertainment, B+ ,peawcawaiigirl,4130,138310,113555
1257,Nonprofit, B+ ,TeletonMexico,4125,156927,65843
1258,Education, B+ ,Oyuncak Şekeri,4027,9869,5229
1259,Film, B+ ,"Киноконцерн ""Мосфильм""",3986,7612,4690
1260,, B+ ,Momo TV,4128,82741,96958
1261,Music, B+ ,قناة شعبيات / Sha3beyat Official,4040,3352,2424
1262,Animals, B+ ,Săn bắt và hái lượm,4075,24354278,5948
1263,Games, B+ ,Zanar Aesthetics,4039,24625,6875
1264,Autos, B+ ,Mercedes-Benz South Africa,4140,515190,172250
1265,Film, B+ ,Film&Clips,4011,6348,2801
1266,People, B+ ,Soledad S,4023,23765,5898
1267,, B+ ,Nakshi Kantha World,4145,93035,188082
1268,Music, B+ ,Aadishakti Films,3939,5167,4475
1269,Film, B+ ,MLP Pink TV,4069,31673,29385
1270,News, B+ ,NewsX,4151,43119,12492
1271,Games, B+ ,Kindly Keyin,3992,10347,7682
1272,, B+ ,Araem,4067,36107,43745
1273,Entertainment, B+ ,Jack Studio,4134,87433,75906
1274,Comedy, B+ ,Liza Koshy,4009,118,842
1275,Games, B+ ,amanogawayukihiko,4090,24202236,235124
1276,Film, B+ ,Walt Disney Thai Songs,4034,20227,11587
1277,Entertainment, B+ ,DosEquisMx,4164,277690,16287
1278,Music, B+ ,Время и Стекло,3840,3079,1543
1279,Entertainment, B+ ,TOY GUMA,4029,3577,2732
1280,Entertainment, B+ ,Disney Channel Africa,4060,15252,3138
1281,People, B+ ,gattu,4024,12988,18559
1282,Film, B+ ,Daniel Tigre en Español,4080,7380,4049
1283,Education, B+ ,Top 10s,3921,2131,1826
1284,Film, B+ ,Jaime Ruizi,4184,155787,95737
1285,Music, B+ ,SodaStereoVEVO,4070,18321,2659
1286,Entertainment, B+ ,Rose Telugu Movies,4072,11761,3876
1287,, B+ ,Video Bhandar विडीयो…,4194,38327,32639
1288,News, B+ ,台灣蘋果日報,4090,21137,2030
1289,People, B+ ,Milana Tv,4033,67137,79946
1290,Film, B+ ,В Рейтинге,4037,30628,11917
1291,Comedy, B+ ,jacksfilms,4121,1200,835
1292,Entertainment, B+ ,Voot,3627,14543,4869
1293,Education, B+ ,Lagu Anak TV,4136,11323,5934
1294,, B+ ,Baba Funny Videos,4208,24434725,32051
1295,People, B+ ,S Gee Music,4173,20534,22512
1296,Entertainment, B+ ,SHANT TV Armenia,4092,25514,2486
1297,Music, B+ ,THE WILD ELEPHANT,4157,35149,28576
1298,Music, B+ ,Take It Easy,4100,21334,7263
1299,Entertainment, B+ ,Daily Mail,4217,44269,14616
1300,Entertainment, B+ ,R SQUARE,4222,24415876,17410
1301,, B+ ,Toys For Kids Video,4225,24412927,10223
1302,, B+ ,DARK BEAUTY SECRETS,4226,56144,110577
1303,People, B+ ,Söylemezsem Olmaz,4228,47384,10991
1304,Film, B+ ,GAMES FACTORY,4102,17642,7598
1305,Tech, B+ ,GadgetIn,4180,6840,12098
1306,Entertainment, B+ ,Telly Reporter,4049,26348,18930
1307,Entertainment, B+ ,Looper,4013,1575,822
1308,, B+ ,PH CHANNEL,4143,46816,36503
1309,, B+ ,NOTA MEX,4247,130780,209494
1310,Animals, B+ ,Hope For Paws - Official Rescue Channel,4108,1734,2589
1311,, B+ ,Lovely Video,4126,14853,20308
1312,Entertainment, B+ ,Genaro Ninja,4255,39042,16854
1313,Comedy, B+ ,Tareq Qar Archive,4263,113706,152765
1314,Games, B+ ,Спуди Дуди-Ду,4175,24159746,6806
1315,Howto, B+ ,Inspirasi News,4267,24464266,21890
1316,, B+ ,South Hindi Movies Digiplex,4077,13937,18217
1317,People, B+ ,Interesting Facts,4193,8304,5654
1318,Entertainment, B+ ,Top Fives,4113,29714,14750
1319,, B+ ,MICHELOB ULTRA Mx,4273,398028,181507
1320,Entertainment, B+ ,DAMI AN,4141,1303,869
1321,Entertainment, B+ ,JUJU Jugando,4152,8852,8202
1322,, B+ ,يوميات علاوي,4127,29592,24876
1323,Music, B+ ,راشد الماجد Rashed AlMajid l,4162,9092,2655
1324,Entertainment, B+ ,JoJo Gomez,4144,12857,28395
1325,Film, B+ ,¡Caja Mágica! Vídeos in Spanish,4170,7519,4595
1326,, B+ ,Top Cenas HD,4202,33764,21598
1327,Entertainment, B+ ,mania japansong,4169,3248,1541
1328,Entertainment, B+ ,RichardVlog,4294,143603,181074
1329,Entertainment, B+ ,Yuka Kinoshita木下ゆうか,4166,1003,992
1330,Music, B+ ,VIP Records,4135,3521,4632
1331,Games, B+ ,Agustin51,4190,3218,7084
1332,Film, B+ ,Little Movies - игры для детей,4154,12662,7234
1333,Sports, B+ ,Panasonic Japan（パナソニック公式）,4300,131522,12015
1334,Howto, B+ ,BreitlingOfficial,4302,250399,28364
1335,Film, B+ ,Booba - Cartoon for kids,4203,5195,1767
1336,Music, B+ ,musiccreamgmm,4212,26707,12580
1337,Education, B+ ,CoccoleSonore,4155,8864,1948
1338,Games, B+ ,탁주 TV,4214,35487,9220
1339,News, B+ ,99TV Telugu,4252,23728,20057
1340,News, B+ ,فرانس 24 / FRANCE 24 Arabic,4146,9813,6493
1341,, B+ ,Kenia Os,4196,1621,18894
1342,Sports, B+ ,SecondsOut,4319,56523,13666
1343,People, B+ ,Môtô Đẹp,4324,24235408,132828
1344,Entertainment, B+ ,FaberCastellOficial,4325,222130,87618
1345,Tech, B+ ,Honor India,4301,31271,14577
1346,, B+ ,IN NEWS16,4216,9997,7134
1347,Music, B+ ,NewBadLabel,4159,9140,4048
1348,Entertainment, B+ ,P 4 Pakao,4201,3823,4981
1349,, B+ ,Any Videos,4331,24389998,205766
1350,Film, B+ ,Galinha Magricela,4219,14438,14846
1351,, B+ ,Ansh Motion Pictures,4336,61920,64849
1352,People, B+ ,Amazing Studio,4307,71332,240664
1353,Music, B+ ,Sofia Reyes,4186,5421,3792
1354,People, B+ ,Nepeta Страшилки,4218,5092,7081
1355,Games, B+ ,Silo Entertainment,4248,2699,7709
1356,Games, B+ ,Jesser,4257,4160,4086
1357,Music, B+ ,Cristiano Araújo,4161,2880,1406
1358,, B+ ,Studio Circus,4352,473355,230837
1359,Entertainment, B+ ,Binging with Babish,4107,1729,5224
1360,Nonprofit, B+ ,ChebuRussiaTV,4198,2434,7655
1361,, B+ ,Ramai Tv,4364,139770,169680
1362,News, B+ ,Сила Слова,4232,28875,7811
1363,Education, B+ ,Life Care,4376,4328,7027
1364,News, B+ ,Talk Shows Central,4231,3203,3282
1365,Games, B+ ,SovietWomble,4285,2011,3645
1366,People, B+ ,Emili TV,4197,39979,5630
1367,, B+ ,Karina & Marina,4238,12712,24501
1368,Entertainment, B+ ,ChrisMD,4253,1267,2645
1369,Howto, B+ ,Only Human,4163,9889,6470
1370,, B+ ,Tiger TV,4239,26065,12367
1371,Music, B+ ,Elsen Pro,4369,39184,23782
1372,People, B+ ,Real Health Care In Urdu,4408,44786,198188
1373,, B+ ,tanvi emitra,4284,24777,22036
1374,People, B+ ,Piero Start,4276,5230,12719
1375,Music, B+ ,Tarang Music,4279,9986,7647
1376,Music, B+ ,HOA HỒNG DẠI MUSIC,4340,21230,14952
1377,Music, B+ ,Pabllo Vittar,4229,949,2229
1378,Entertainment, B+ ,Bollywood Spy Hindi,4309,7741,7633
1379,, B+ ,Alieff Irfan,4351,12082,18203
1380,, B+ ,cute kiddy,4315,7192,18785
1381,People, B+ ,Carlaylee HD,4176,28637,16655
1382,Entertainment, B+ ,laSexta,4317,9127,1490
1383,Entertainment, B+ ,Bi Bi - Big & Bizi,4337,31992,27762
1384,News, B+ ,OTV,4320,8418,5992
1385,, B+ ,Enes Ömer Aydoğan,4426,117437,20391
1386,Games, B+ ,WithZack,4306,2238,3127
1387,Games, B+ ,iTownGamePlay *Terror&Diversión*,4259,266,357
1388,Music, B+ ,Juancito Piratex Audiovisuales,4347,31918,8054
1389,, B+ ,Mimi Land,4250,7237,27653
1390,Entertainment, B+ ,loveliveserve,4335,1753,4246
1391,Film, B+ ,Action Movies Digiplex,4258,4660,5697
1392,Entertainment, B+ ,MBAProductionEgypt,4353,14706,4962
1393,Music, B+ ,Solrac Etnevic,4451,42689,9941
1394,, B+ ,khana khani,4453,24405063,249255
1395,Entertainment, B+ ,Boomerang UK,4326,9680,2706
1396,Games, B+ ,ZackScottGames,4321,1837,807
1397,Entertainment, B+ ,The Cambodia Wilderness,4462,40733,33571
1398,, B+ ,Chivas Studio Music CDs,4470,253040,99024
1399,People, B+ ,Área Secreta,4391,531,2194
1400,Music, B+ ,Sorriso Maroto,4286,4005,3347
1401,, B+ ,Esha Mehra Health Time,4388,6197,33947
1402,Music, B+ ,IZA,4288,5080,7685
1403,News, B+ ,JustKiddingNews,4441,4569,936
1404,, B+ ,YG TREASURE BOX,4529,42868,126075
1405,People, B+ ,itaupersonnalite,4536,336510,70587
1406,Entertainment, B+ ,Cartoon Network Brasil,4372,2520,4162
1407,Music, B+ ,URBAN PENDUZ,4514,24159859,164659
1408,Film, B+ ,MoviesMpictures,4479,17068,7369
1409,Music, B+ ,Bengali Songs - Angel Digital,4417,16645,6181
1410,Entertainment, B+ ,BETNetworks,4424,9728,6853
1411,Music, B+ ,Billie Eilish,4422,914,20725
1412,, B+ ,sisters fun tube 2,4430,26515,13587
1413,, B+ ,大萌电影,4555,207169,103420
1414,, B+ ,Canal do LUCAS VASCONCELOS,4435,17643,13676
1415,, B+ ,Chiki-Piki,4297,21428,42353
1416,Music, B+ ,Rudimental,4431,7379,2242
1417,Games, B+ ,ungespielt,4509,24426555,3044
1418,Entertainment, B+ ,Tollywood Nagar,4460,10693,4861
1419,, B+ ,띠예,4099,25679,222663
1420,Film, B+ ,PJ Masks Official,4293,4157,3550
1421,Games, B+ ,Thinknoodles,4361,1457,1280
1422,Music, B+ ,xuxaVEVO,4411,8206,1335
1423,Music, B+ ,Lauv,4455,8402,7503
1424,Music, B+ ,the bootleg boy,4461,8098,14654
1425,, B+ ,เอ็มวีดี…,4497,9711,16276
1426,Tech, B+ ,Mr. Fast 2018,4383,17054,8766
1427,Music, B+ ,StingVEVO,4456,20093,4041
1428,Music, B+ ,HFM.Productions,4413,5645,3583
1429,Entertainment, B+ ,Momentos Divertidos,4442,7536,7371
1430,Entertainment, B+ ,Diário da Carol,4440,2905,7651
1431,Games, B+ ,Primal Gameplay,4446,11053,3737
1432,, B+ ,Phim Hay Việt Nam,4471,16096,7872
1433,Entertainment, B+ ,Toys Academy,4485,4670,2622
1434,, B+ ,mrv satifications,4488,28196,38420
1435,, B+ ,KuZin ToysReview,4589,24317513,15836
1436,Music, B+ ,TEAM KUKU,4419,7160,5963
1437,, B+ ,MN Toys Family Vlogs,4445,19454,7540
1438,, B+ ,MusikQ,4598,43432,58310
1439,Games, B+ ,スクウェア・エニックス,4379,20250,4578
1440,, B+ ,Nation News,4506,9130,13250
1441,Music, B+ ,Enrique Bunbury,4502,15050,2064
1442,, B+ ,BrandonKent Everything,4501,15300,34465
1443,Sports, B+ ,VFF Channel,4394,18386,13247
1444,People, B+ ,Yuna Lim,4612,68928,67222
1445,Entertainment, B+ ,More EmilyTube,4474,9835,9920
1446,People, B+ ,Nihongo Mantappu,4546,26948,98975
1447,, B+ ,Perfect Life,4618,24443231,10205
1448,Film, B+ ,Düşyeri,4469,4992,1496
1449,, B+ ,AlmAra,4629,50672,44403
1450,, B+ ,OLD The Live Tv,4632,24414744,31557
1451,Music, B+ ,TwiinsCuliacanTv,4532,3495,1047
1452,Games, B+ ,겜브링 GGAM BRING,4562,17224,4971
1453,Nonprofit, B+ ,Southeastern Guide Dogs,4530,99624,97519
1454,Entertainment, B+ ,Grunge,4513,19146,8989
1455,News, B+ ,マイランク,4635,24175482,24075
1456,Games, B+ ,FuzionDroid,4480,16041,22151
1457,Music, B+ ,DisneyPolskaVEVO,4490,33818,15123
1458,, B+ ,MP News TV,4645,52494,59029
1459,People, B+ ,Niharika Nm,4647,39350,77181
1460,Howto, B+ ,Lady TV,4549,20950,16900
1461,Entertainment, B+ ,Discovery UK,4519,5458,3702
1462,, B+ ,Những tấm lòng cao cả,4559,12000,7096
1463,Entertainment, B+ ,핫도그TV,4477,30357,36582
1464,Education, B+ ,Canzoni Per Bimbi.it,4496,14796,5222
1465,, B+ ,primitive wilderness,4792,65882,70391
1466,Comedy, B+ ,Dan and Riya,4518,15001,11780
1467,People, B+ ,Doctor Squish,4494,2776,3922
1468,Entertainment, B+ ,v9 Videos,4661,35814,18278
1469,Entertainment, B+ ,İçim,4481,299800,30350
1470,Music, B+ ,CaliyElDandeeVEVO,4520,3492,1183
1471,, B+ ,Fozi Mozi Español,4528,15488,13118
1472,, B+ ,24X7 Online News,4580,30191,26027
1473,Film, B+ ,Breeze Thailand,4671,30842,16298
1474,Entertainment, B+ ,EstoEsNormalTV,4674,24405507,49598
1475,Music, B+ ,EltonJohnVEVO,4540,18822,4037
1476,Entertainment, B+ ,Little Tikes,4621,121677,12005
1477,Music, B+ ,Jordan Dzib,4550,15751,5927
1478,, B+ ,"Hilf Mir! Jung, pleite, verzweifelt",4659,44080,29819
1479,Entertainment, B+ ,Rainbow Learning,4593,975,739
1480,People, B+ ,Rahim BK,4693,61658,230590
1481,, B+ ,Mr. Reporter,4405,15598,10300
1482,, B+ ,Arka Sokaklar,4697,83402,38915
1483,Shows, B+ ,Малышарики,4526,17770,4673
1484,Music, B+ ,2CELLOS,4547,1504,2459
1485,Education, B+ ,A Bebés Contentos - Canciones Infantiles en…,4597,23828,16851
1486,Entertainment, B+ ,Asianet,4582,1788,16784
1487,Music, B+ ,Tommy Boy,4583,35539,12734
1488,Entertainment, B+ ,RCTI - ENTERTAINMENT,4592,7837,2641
1489,, B+ ,Letstalk Facts,4371,4183,6127
1490,Entertainment, B+ ,إنسان,4620,29656,20508
1491,, B+ ,Ánh Sáng Phật Pháp,4711,33555,38057
1492,Tech, B+ ,SamsungChile,4720,101600,10688
1493,, B+ ,VilFun Show,4560,14394,10847
1494,Entertainment, B+ ,Maria Lynn Dolls,4599,18586,9317
1495,People, B+ ,DavidsTV,4545,7285,6321
1496,Entertainment, B+ ,China Zone — 回明之杨凌传正在热播,4724,51284,14891
1497,, B+ ,Gente Maravillosa TV en Canal Sur,4625,22050,24785
1498,Games, B+ ,TalkToHand,4448,48489,110288
1499,Games, B+ ,PUBG TV,4608,4784,7228
1500,, B+ ,Dream Stories TV,4901,20391,28417
1501,, B+ ,MrHappyMan0123,4760,139474,50769
1502,Entertainment, B+ ,Dreams House Dance Academy,4587,15691,14586
1503,Film, B+ ,ToysCollector,4737,43653,53649
1504,Education, B+ ,Kids Learning,4669,3534,1800
1505,Entertainment, B+ ,Best Viners 2,4563,4350,5485
1506,People, B+ ,Newzmagazine.com,4747,52644,21593
1507,Music, B+ ,GloriaTreviVEVO,4607,8373,1524
1508,Comedy, B+ ,StevenCrowder,4673,2056,3393
1509,Entertainment, D- ,Beats,24418022,1369152,6203915
1510,Autos, B+ ,DriveTime Car Sales,4596,505522,26385
1511,People, B+ ,kt7000号,4756,839971,259121
1512,Entertainment, B+ ,Said BabyShow,4644,8378,12862
1513,Comedy, B+ ,Muca Muriçoca,4604,882,3945
1514,Entertainment, B+ ,Domingo Espetacular,4652,3831,4710
1515,Sports, B+ ,Sky Sports Football,4692,21069,24221
1516,Music, B+ ,FitDance Life,4631,1390,2511
1517,Games, B+ ,しょうじ,4655,16614,14161
1518,Howto, B+ ,Miss DegrEE,4561,24237923,41524
1519,Film, B+ ,Shaun the Sheep [ViệtNam],4640,18955,7762
1520,Entertainment, B+ ,Anny May,4568,995,3048
1521,Film, B+ ,Level UP,4610,11666,7874
1522,Entertainment, B+ ,Юлик,4650,3663,4846
1523,Film, B+ ,Cleetus McFarland,4665,8757,12488
1524,Music, B+ ,عبدالمجيد عبدالله | Abdul…,4651,31498,11720
1525,, B+ ,Shivani Comedy World,4775,76226,72282
1526,Education, B+ ,GOD'S MAN,4690,265804,259564
1527,Education, B+ ,CrashCourse,4719,409,2049
1528,Entertainment, B+ ,El Reino Series,4613,16494,15840
1529,Games, B+ ,악동 김블루,4603,7484,6821
1530,Music, B+ ,Seagram's Imperial Blue Superhits Music CDs,4791,558357,107749
1531,People, B+ ,SOUND ME HANG Official,4707,5615,3342
1532,People, B+ ,Pascual GF,4727,35171,11702
1533,Film, B+ ,All Time Hits,4636,16879,15146
1534,Comedy, B+ ,영국남자 Korean Englishman,4698,2307,2870
1535,, B+ ,Finn Shresthá,4579,24383423,67135
1536,Music, B+ ,VS RECORDS,4694,15824,7634
1537,Sports, B+ ,MCEW,4810,36238,30477
1538,Games, B+ ,しゅうゲームズ,4813,45750,14425
1539,People, B+ ,Lifia Niala,4738,6202,1686
1540,Entertainment, B+ ,Eurovision Song Contest,4660,2985,362
1541,Games, B+ ,Oddman Games,4633,21559,9191
1542,, B+ ,It’s me電視台,4828,219122,133332
1543,, B+ ,Super ToonsTV,4829,40684,39409
1544,People, B+ ,The News Total,4700,2267,18654
1545,Entertainment, B+ ,Kênh TVB tiếng Việt,4713,51294,26194
1546,Howto, B+ ,Harsh Pictures,4734,78986,265747
1547,, B+ ,Рома и Хелпик,4662,30057,15834
1548,Travel, B+ ,Независимое TV.4K,4815,199646,174192
1549,Tech, B+ ,LG Perú,4837,431290,43623
1550,Games, B+ ,Барт,4839,31354,29177
1551,, B+ ,Snake Tahunet,4842,24464358,21679
1552,Entertainment, B+ ,FilmSelect Россия,4843,42216,19586
1553,, B+ ,BE NATURAL,4714,5674,19429
1554,, B+ ,suellASMR,4706,6644,7461
1555,Entertainment, B+ ,News Today,4782,35120,24012
1556,Music, B+ ,Pro-M,4774,13283,3392
1557,, B+ ,Twine Cheeks,4769,7077,14917
1558,Entertainment, B+ ,Aoffy Maxim,4628,1891,2629
1559,Music, B+ ,FCK THEM,4705,7974,3999
1560,Education, B+ ,Health Tips - घरेलु उपाय,4767,28246,44960
1561,Music, B+ ,LuisaSonzaVEVO,4623,11103,17445
1562,Entertainment, B+ ,ENTV القناة الرسمية…,4734,16243,13052
1563,People, B+ ,Hottel Mazzafera,4689,1464,5470
1564,Sports, B+ ,Highlight Heaven,4754,23126,8741
1565,, B+ ,Billu ki Vines,4718,9450,12044
1566,, B+ ,N.S.Creative Nikhil,4868,24398721,48440
1567,Entertainment, B+ ,SnickersIndia,4750,734196,97220
1568,Entertainment, B+ ,Ganga Cassette,4729,7978,8874
1569,, B+ ,FlixTube,4745,63347,46638
1570,Music, B+ ,Warner Music Spain,4715,6209,1397
1571,, B+ ,Pierre's awful memes,4840,136874,85935
1572,, B+ ,Learn Colors For Kids,4783,7884,6316
1573,, B+ ,Candy Land TV,4733,25365,13141
1574,Film, B+ ,ТВ Деткам,4736,6207,832
1575,Entertainment, B+ ,Bisleri India,4586,1117214,75835
1576,, B+ ,Marathi BUZZ,4891,70947,100440
1577,Games, B+ ,Dirty Noob - Minecraft,4708,90397,184673
1578,Education, B+ ,DeVry University,4434,782436,23192
1579,Comedy, B+ ,Samreen Ali,4680,12852,18420
1580,People, B+ ,Watch In हिंदी,4770,3616,8375
1581,, B+ ,حقائق وأسرار 2,4819,9401,17546
1582,, B+ ,WAYANG JAWA,4898,24395383,13146
1583,, B+ ,COOL Feed,4894,168979,190864
1584,Music, B+ ,Organ Minh Công Nhạc Sống Thái Nguyên,4904,24428640,10222
1585,, B+ ,MS Entertainments,4906,37907,21174
1586,Animals, B+ ,cobra123473,4723,2835,1880
1587,Entertainment, B+ ,Cascabel TV,4781,4909,2806
1588,Games, B+ ,Mumbo Jumbo,4761,2659,2799
1589,Music, B+ ,atiempopreescolar,4751,4454,1369
1590,People, B+ ,Chuyện Lạ Kỳ Thú,4825,18008,15371
1591,People, B+ ,It's Mamix,4658,2006,10896
1592,, B+ ,Tips Top 007,4924,12390,13583
1593,Entertainment, B+ ,O Ses Türkiye,4834,23468,44202
1594,Music, B+ ,Redondos Subtitulados,4809,20732,3310
1595,Music, B+ ,EDWIN DIAZTO,4757,10510,5219
1596,Entertainment, B+ ,VIRAL,4860,1112,1722
1597,Comedy, B ,Adult Swim UK,29651,21170,8782
1598,, B+ ,KIDZ RHYMES,4831,8501,29562
1599,Film, B+ ,canım kardeşim,4847,16812,5433
1600,Education, B+ ,BabyTV,4908,9097,2821
1601,Comedy, B+ ,Irmãos Berti,4913,1233,9461
1602,Sports, B+ ,FLAME MEDIA,4823,9895,10009
1603,, B+ ,Bun Bap ToysReview,4846,27747,23323
1604,Music, B+ ,Namewee,4899,4523,2957
1605,, B+ ,El Pajaro Loco,4841,13045,9195
1606,Film, B+ ,꼬마버스 타요,4888,14914,4561
1607,Music, B+ ,DaftPunkVEVO,4878,3120,2332
1608,Music, B+ ,FallOutBoyVEVO,4889,1561,940
1609,Entertainment, B+ ,Titi Toys and Dolls,4866,5598,3412
1610,Games, B+ ,MonDEV,4902,1932,3051
1611,Sports, B+ ,Boxing Legends TV,4918,8317,7451
